Team,AvAge,PTS,PTS%,GF,GA,SRS,GF/G,GA/G,PP%,PPA,PK%,SH,S,S%,SA,SV%,Year,IsChamp
St. Louis Blues*,28.7,114,0.695,248,165,1.08,3.02,2.01,17.84,42,87.83,13,2445,10.1,1814,0.909,2000,False
Detroit Red Wings*,30.7,108,0.659,278,210,0.88,3.39,2.56,20.41,44,85.85,15,2620,10.6,2169,0.903,2000,False
Philadelphia Flyers*,29.0,105,0.64,237,179,0.58,2.89,2.18,20.29,42,86.71,7,2495,9.5,1938,0.908,2000,False
New Jersey Devils*,27.8,103,0.628,251,203,0.46,3.06,2.48,20.07,39,87.54,9,2717,9.2,2100,0.903,2000,True
Washington Capitals*,29.0,102,0.622,227,194,0.28,2.77,2.37,14.98,47,86.22,9,2269,10.0,2270,0.915,2000,False
Dallas Stars*,28.8,102,0.622,211,184,0.41,2.57,2.24,15.74,33,89.25,9,2099,10.1,2183,0.916,2000,False
Toronto Maple Leafs*,28.2,100,0.61,246,222,0.25,3.0,2.71,17.76,58,82.42,11,2160,11.4,2386,0.907,2000,False
Florida Panthers*,27.6,98,0.598,244,209,0.28,2.98,2.55,17.16,47,85.45,2,2198,11.1,2431,0.914,2000,False
Colorado Avalanche*,27.4,96,0.585,233,201,0.46,2.84,2.45,19.54,52,84.48,3,2187,10.7,2282,0.912,2000,False
Ottawa Senators*,27.4,95,0.579,244,210,0.3,2.98,2.56,16.77,34,87.55,6,2584,9.4,2064,0.898,2000,False
Los Angeles Kings*,28.0,94,0.573,245,228,0.3,2.99,2.78,16.85,66,82.31,4,2421,10.1,2290,0.9,2000,False
Phoenix Coyotes*,29.6,90,0.549,232,228,0.15,2.83,2.78,11.94,43,85.95,14,2212,10.5,2334,0.902,2000,False
Pittsburgh Penguins*,26.8,88,0.537,241,236,-0.03,2.94,2.88,15.61,56,82.55,7,2137,11.3,2356,0.9,2000,False
Edmonton Oilers*,26.0,88,0.537,226,212,0.22,2.76,2.59,15.77,54,85.37,9,2310,9.8,2318,0.909,2000,False
San Jose Sharks*,27.6,87,0.53,225,214,0.23,2.74,2.61,16.45,61,83.6,16,2248,10.0,2357,0.909,2000,False
Buffalo Sabres*,26.5,85,0.518,213,204,0.01,2.6,2.49,10.54,54,85.04,8,2228,9.6,2207,0.908,2000,False
Carolina Hurricanes,29.4,84,0.512,217,216,-0.1,2.65,2.63,16.96,40,84.19,3,2161,10.0,2141,0.899,2000,False
Vancouver Canucks,27.0,83,0.506,227,237,-0.01,2.77,2.89,15.79,63,80.43,9,2187,10.4,2292,0.897,2000,False
Montreal Canadiens,27.6,83,0.506,196,194,-0.06,2.39,2.37,16.72,40,86.75,7,2135,9.2,2264,0.914,2000,False
Mighty Ducks of Anaheim,27.6,83,0.506,217,227,0.02,2.65,2.77,16.57,62,79.05,4,2352,9.2,2259,0.9,2000,False
Chicago Blackhawks,27.1,78,0.476,242,245,0.1,2.95,2.99,16.0,58,83.66,10,2106,11.5,2397,0.898,2000,False
Calgary Flames,26.5,77,0.47,211,256,-0.42,2.57,3.12,17.88,74,79.73,4,2468,8.5,2381,0.892,2000,False
New York Rangers,29.6,73,0.445,218,246,-0.39,2.66,3.0,16.92,49,83.22,5,2416,9.0,2446,0.899,2000,False
Boston Bruins,26.8,73,0.445,210,248,-0.52,2.56,3.02,14.37,55,79.48,0,2516,8.3,2273,0.891,2000,False
Nashville Predators,26.7,70,0.427,199,240,-0.36,2.43,2.93,13.49,46,85.11,9,2215,9.0,2499,0.904,2000,False
New York Islanders,24.4,58,0.354,194,275,-1.02,2.37,3.35,14.06,84,80.0,8,2146,9.0,2742,0.9,2000,False
Tampa Bay Lightning,25.3,54,0.329,204,310,-1.34,2.49,3.78,13.97,77,80.7,9,2084,9.8,2494,0.876,2000,False
Atlanta Thrashers,27.5,39,0.238,170,313,-1.75,2.07,3.82,12.64,76,80.31,6,2115,8.0,2543,0.877,2000,False
Colorado Avalanche*,28.4,118,0.72,270,192,0.95,3.29,2.34,22.04,59,82.75,11,2395,11.3,2059,0.907,2001,True
New Jersey Devils*,28.5,111,0.677,295,195,1.1,3.6,2.38,22.9,49,84.69,9,2588,11.4,2024,0.904,2001,False
Detroit Red Wings*,30.1,111,0.677,253,202,0.63,3.09,2.46,22.14,55,85.71,10,2650,9.5,2221,0.909,2001,False
Ottawa Senators*,25.8,109,0.665,274,205,0.74,3.34,2.5,18.64,49,86.43,10,2476,11.1,2235,0.908,2001,False
Dallas Stars*,29.4,106,0.646,241,187,0.68,2.94,2.28,19.62,49,86.2,7,2100,11.5,2043,0.908,2001,False
St. Louis Blues*,28.5,103,0.628,249,195,0.67,3.04,2.38,18.7,57,85.35,15,2494,10.0,1933,0.899,2001,False
Philadelphia Flyers*,28.1,100,0.61,240,207,0.33,2.93,2.52,15.71,55,82.48,11,2452,9.8,2144,0.903,2001,False
Buffalo Sabres*,28.1,98,0.598,218,184,0.35,2.66,2.24,16.09,40,88.02,6,2204,9.9,2195,0.916,2001,False
Pittsburgh Penguins*,28.0,96,0.585,281,256,0.23,3.43,3.12,20.27,78,80.74,7,2394,11.7,2397,0.893,2001,False
Washington Capitals*,30.1,96,0.585,233,211,0.16,2.84,2.57,21.25,62,84.14,6,2348,9.9,2273,0.907,2001,False
San Jose Sharks*,26.8,95,0.579,217,192,0.36,2.65,2.34,14.04,61,86.17,8,2266,9.6,2169,0.911,2001,False
Edmonton Oilers*,26.2,93,0.567,243,222,0.32,2.96,2.71,14.82,62,83.77,13,2145,11.3,2139,0.896,2001,False
Los Angeles Kings*,28.5,92,0.561,252,228,0.32,3.07,2.78,19.35,72,81.15,14,2288,11.0,2160,0.894,2001,False
Toronto Maple Leafs*,29.4,90,0.549,232,207,0.25,2.83,2.52,16.06,55,84.97,2,2276,10.2,2244,0.908,2001,False
Vancouver Canucks*,26.7,90,0.549,239,238,0.08,2.91,2.9,17.07,74,80.88,12,2434,9.8,2121,0.888,2001,False
Phoenix Coyotes,28.5,90,0.549,214,212,0.07,2.61,2.59,16.62,64,85.19,9,2055,10.4,2430,0.913,2001,False
Boston Bruins,26.9,88,0.537,227,249,-0.27,2.77,3.04,16.41,65,82.76,8,2359,9.6,2190,0.886,2001,False
Carolina Hurricanes*,28.7,88,0.537,212,225,-0.24,2.59,2.74,18.85,45,87.18,6,2217,9.6,2206,0.898,2001,False
Nashville Predators,27.0,80,0.488,186,200,-0.11,2.27,2.44,14.13,49,85.2,7,2182,8.5,2347,0.915,2001,False
Calgary Flames,27.7,73,0.445,197,236,-0.37,2.4,2.88,14.94,76,79.89,3,2230,8.8,2224,0.894,2001,False
New York Rangers,29.5,72,0.439,250,290,-0.53,3.05,3.54,17.91,86,78.5,16,2345,10.7,2575,0.887,2001,False
Chicago Blackhawks,27.8,71,0.433,210,246,-0.36,2.56,3.0,12.89,52,83.9,15,2160,9.7,2190,0.888,2001,False
Columbus Blue Jackets,28.2,71,0.433,190,233,-0.44,2.32,2.84,14.7,70,80.72,3,2082,9.1,2475,0.906,2001,False
Montreal Canadiens,26.8,70,0.427,206,232,-0.35,2.51,2.83,16.15,60,82.2,5,2148,9.6,2296,0.899,2001,False
Minnesota Wild,27.4,68,0.415,168,210,-0.42,2.05,2.56,9.63,57,84.72,13,2020,8.3,2307,0.909,2001,False
Mighty Ducks of Anaheim,26.9,66,0.402,188,245,-0.6,2.29,2.99,17.69,71,81.79,6,2123,8.9,2417,0.899,2001,False
Florida Panthers,27.0,66,0.402,200,246,-0.6,2.44,3.0,13.03,64,83.92,8,2170,9.2,2559,0.904,2001,False
Atlanta Thrashers,27.8,60,0.366,211,289,-0.99,2.57,3.52,13.67,90,77.94,9,2291,9.2,2655,0.891,2001,False
Tampa Bay Lightning,24.6,59,0.36,201,280,-0.98,2.45,3.41,12.5,72,82.94,9,2014,10.0,2557,0.89,2001,False
New York Islanders,26.8,52,0.317,185,268,-1.02,2.26,3.27,13.21,79,82.25,9,2257,8.2,2377,0.887,2001,False
Detroit Red Wings*,31.9,116,0.707,251,187,0.83,3.06,2.28,20.33,48,86.01,9,2538,9.9,2159,0.913,2002,True
Boston Bruins*,28.1,101,0.616,236,201,0.33,2.88,2.45,13.78,45,87.11,14,2595,9.1,2057,0.902,2002,False
Toronto Maple Leafs*,29.6,100,0.61,249,207,0.44,3.04,2.52,15.47,51,84.45,9,2339,10.6,2044,0.899,2002,False
Colorado Avalanche*,27.9,99,0.604,212,169,0.58,2.59,2.06,18.02,41,86.98,7,2252,9.4,2177,0.922,2002,False
San Jose Sharks*,27.9,99,0.604,248,199,0.62,3.02,2.43,15.99,54,85.83,15,2228,11.1,2335,0.915,2002,False
St. Louis Blues*,29.3,98,0.598,227,188,0.54,2.77,2.29,17.42,56,85.22,5,2378,9.5,1847,0.898,2002,False
Philadelphia Flyers*,28.9,97,0.591,234,192,0.41,2.85,2.34,13.0,40,86.35,8,2442,9.6,2139,0.91,2002,False
Chicago Blackhawks*,29.4,96,0.585,216,207,0.19,2.63,2.52,17.88,63,81.47,4,2271,9.5,2077,0.9,2002,False
New York Islanders*,27.5,96,0.585,239,220,0.15,2.91,2.68,16.25,52,85.79,17,2319,10.3,2285,0.904,2002,False
Los Angeles Kings*,28.9,95,0.579,214,190,0.35,2.61,2.32,20.68,49,86.61,5,2110,10.1,2051,0.907,2002,False
Phoenix Coyotes*,27.2,95,0.579,228,210,0.29,2.78,2.56,15.59,60,83.15,8,2179,10.5,2349,0.911,2002,False
New Jersey Devils*,28.9,95,0.579,205,187,0.15,2.5,2.28,16.86,43,83.77,2,2445,8.4,1900,0.902,2002,False
Vancouver Canucks*,26.3,94,0.573,254,211,0.59,3.1,2.57,18.55,57,84.96,3,2326,10.9,2078,0.898,2002,False
Ottawa Senators*,26.3,94,0.573,243,208,0.36,2.96,2.54,16.62,48,84.36,11,2469,9.8,2125,0.902,2002,False
Edmonton Oilers,26.1,92,0.561,205,182,0.34,2.5,2.22,15.32,50,85.63,12,2256,9.1,2120,0.914,2002,False
Carolina Hurricanes*,29.2,91,0.555,217,217,-0.09,2.65,2.65,16.11,54,83.73,4,2347,9.2,2214,0.902,2002,False
Dallas Stars,30.5,90,0.549,215,213,0.09,2.62,2.6,17.14,59,81.5,7,2335,9.2,2135,0.9,2002,False
Montreal Canadiens*,28.4,87,0.53,207,209,-0.1,2.52,2.55,14.95,38,86.28,7,2092,9.9,2597,0.92,2002,False
Washington Capitals,30.1,85,0.518,228,240,-0.25,2.78,2.93,19.4,58,82.15,2,2293,9.9,2357,0.898,2002,False
Buffalo Sabres,26.0,82,0.5,213,200,0.09,2.6,2.44,13.33,41,86.51,7,2295,9.3,2120,0.906,2002,False
New York Rangers,28.9,80,0.488,227,258,-0.43,2.77,3.15,14.72,80,79.9,8,2392,9.5,2618,0.901,2002,False
Calgary Flames,27.6,79,0.482,201,220,-0.15,2.45,2.68,15.11,66,81.46,10,2207,9.1,2242,0.902,2002,False
Minnesota Wild,27.3,73,0.445,195,238,-0.41,2.38,2.9,14.75,62,82.87,11,1954,10.0,2296,0.896,2002,False
Nashville Predators,26.8,69,0.421,196,230,-0.31,2.39,2.8,14.24,50,85.88,6,2019,9.7,2313,0.901,2002,False
Mighty Ducks of Anaheim,27.0,69,0.421,175,198,-0.2,2.13,2.41,11.53,46,86.06,4,2142,8.2,2253,0.912,2002,False
Pittsburgh Penguins,26.5,69,0.421,198,249,-0.66,2.41,3.04,14.03,57,83.81,5,2215,8.9,2394,0.896,2002,False
Tampa Bay Lightning,26.4,69,0.421,178,219,-0.58,2.17,2.67,14.74,40,85.35,6,2179,8.2,2523,0.913,2002,False
Florida Panthers,26.1,60,0.366,180,250,-0.92,2.2,3.05,14.66,76,80.66,8,2205,8.2,2666,0.906,2002,False
Columbus Blue Jackets,28.0,57,0.348,164,255,-0.97,2.0,3.11,14.04,52,83.01,3,2046,8.0,2469,0.897,2002,False
Atlanta Thrashers,27.1,54,0.329,187,288,-1.27,2.28,3.51,12.09,65,81.84,3,1984,9.4,2911,0.901,2002,False
Ottawa Senators*,26.3,113,0.689,263,182,0.88,3.21,2.22,21.23,50,84.94,4,2441,10.8,2033,0.91,2003,False
Dallas Stars*,30.0,111,0.677,245,169,0.94,2.99,2.06,18.96,50,85.55,9,2466,9.9,2073,0.918,2003,False
Detroit Red Wings*,31.4,110,0.671,269,203,0.85,3.28,2.48,23.82,55,85.41,11,2441,11.0,2361,0.914,2003,False
New Jersey Devils*,29.3,108,0.659,216,166,0.49,2.63,2.02,11.88,32,87.88,7,2601,8.3,1933,0.914,2003,True
Philadelphia Flyers*,29.1,107,0.652,211,166,0.43,2.57,2.02,14.33,50,85.21,8,2537,8.3,2019,0.918,2003,False
Colorado Avalanche*,28.7,105,0.64,251,194,0.75,3.06,2.37,18.73,63,82.45,5,2386,10.5,2322,0.916,2003,False
Vancouver Canucks*,26.9,104,0.634,264,208,0.74,3.22,2.54,20.76,62,84.06,12,2388,11.1,2185,0.905,2003,False
St. Louis Blues*,29.6,99,0.604,253,222,0.43,3.09,2.71,20.46,71,81.75,11,2301,11.0,2047,0.892,2003,False
Toronto Maple Leafs*,30.4,98,0.598,236,208,0.26,2.88,2.54,17.55,56,86.85,11,2152,11.0,2423,0.914,2003,False
Mighty Ducks of Anaheim*,27.7,95,0.579,203,193,0.19,2.48,2.35,16.09,42,87.39,8,2246,9.0,2377,0.919,2003,False
Minnesota Wild*,28.0,95,0.579,198,178,0.32,2.41,2.17,14.21,43,86.04,9,2086,9.5,2335,0.924,2003,False
Tampa Bay Lightning*,26.8,93,0.567,219,210,-0.01,2.67,2.56,17.9,55,82.59,6,2395,9.1,2298,0.909,2003,False
Washington Capitals*,29.1,92,0.561,224,220,-0.06,2.73,2.68,17.22,72,81.25,8,2223,10.1,2454,0.91,2003,False
Edmonton Oilers*,26.6,92,0.561,231,230,0.12,2.82,2.8,14.51,61,82.62,13,2292,10.1,2248,0.898,2003,False
Boston Bruins*,27.9,87,0.53,245,237,0.02,2.99,2.89,18.15,65,82.67,10,2636,9.3,2322,0.898,2003,False
New York Islanders*,27.7,83,0.506,224,231,-0.16,2.73,2.82,15.1,67,83.46,12,2427,9.2,2318,0.9,2003,False
Los Angeles Kings,28.4,79,0.482,203,221,-0.13,2.48,2.7,14.69,62,83.29,8,2272,8.9,2141,0.897,2003,False
Chicago Blackhawks,29.6,79,0.482,207,226,-0.14,2.52,2.76,12.66,56,84.82,8,2279,9.1,2345,0.904,2003,False
New York Rangers,29.4,78,0.476,210,231,-0.33,2.56,2.82,16.22,73,81.19,8,2465,8.5,2426,0.905,2003,False
Phoenix Coyotes,27.5,78,0.476,204,230,-0.23,2.49,2.8,14.29,77,81.31,4,2297,8.9,2458,0.906,2003,False
Montreal Canadiens,28.9,77,0.47,206,234,-0.39,2.51,2.85,13.97,58,81.7,2,2119,9.7,2678,0.913,2003,False
Calgary Flames,27.4,75,0.457,186,228,-0.37,2.27,2.78,12.08,65,83.29,5,2341,7.9,2222,0.897,2003,False
Nashville Predators,27.1,74,0.451,183,206,-0.17,2.23,2.51,13.88,61,82.72,2,2316,7.9,2252,0.909,2003,False
Atlanta Thrashers,27.1,74,0.451,226,284,-0.78,2.76,3.46,17.25,65,81.69,8,2163,10.4,2593,0.89,2003,False
San Jose Sharks,27.5,73,0.445,214,239,-0.21,2.61,2.91,18.13,68,81.01,5,2303,9.3,2392,0.9,2003,False
Buffalo Sabres,25.9,72,0.439,190,219,-0.4,2.32,2.67,14.41,53,85.4,8,2345,8.1,2296,0.905,2003,False
Florida Panthers,25.1,70,0.427,176,237,-0.78,2.15,2.89,14.12,66,81.46,7,2229,7.9,2724,0.913,2003,False
Columbus Blue Jackets,27.7,69,0.421,213,263,-0.51,2.6,3.21,17.32,60,85.33,12,2143,9.9,2641,0.9,2003,False
Pittsburgh Penguins,27.8,65,0.396,189,255,-0.85,2.3,3.11,18.33,58,83.52,3,2079,9.1,2535,0.899,2003,False
Carolina Hurricanes,28.5,61,0.372,171,240,-0.9,2.09,2.93,13.81,71,81.89,6,2414,7.1,2332,0.897,2003,False
Detroit Red Wings*,31.9,109,0.665,255,189,0.72,3.11,2.3,20.06,42,86.75,15,2484,10.3,2151,0.912,2004,False
Tampa Bay Lightning*,28.1,106,0.646,245,192,0.56,2.99,2.34,16.22,42,84.89,15,2460,10.0,2085,0.908,2004,True
Boston Bruins*,27.9,104,0.634,209,188,0.29,2.55,2.29,16.0,55,83.58,7,2500,8.4,2280,0.918,2004,False
San Jose Sharks*,26.8,104,0.634,219,183,0.4,2.67,2.23,16.62,47,85.27,9,2300,9.5,2373,0.923,2004,False
Toronto Maple Leafs*,30.7,103,0.628,242,204,0.48,2.95,2.49,20.11,64,83.42,8,2253,10.7,2166,0.906,2004,False
Ottawa Senators*,27.0,102,0.622,262,189,0.88,3.2,2.3,21.62,57,83.57,6,2421,10.8,2040,0.907,2004,False
Vancouver Canucks*,27.5,101,0.616,235,194,0.52,2.87,2.37,14.89,50,86.11,5,2379,9.9,2183,0.911,2004,False
Philadelphia Flyers*,29.7,101,0.616,229,186,0.47,2.79,2.27,20.7,58,83.33,7,2410,9.5,2092,0.911,2004,False
Colorado Avalanche*,27.9,100,0.61,236,198,0.48,2.88,2.41,20.39,58,83.75,7,2410,9.8,2325,0.915,2004,False
New Jersey Devils*,28.8,100,0.61,213,164,0.54,2.6,2.0,16.35,39,85.34,8,2433,8.8,2001,0.918,2004,False
Dallas Stars*,30.6,97,0.591,194,175,0.22,2.37,2.13,15.85,44,85.85,5,2196,8.8,1902,0.908,2004,False
Calgary Flames*,26.9,94,0.573,200,176,0.33,2.44,2.15,15.13,53,84.68,11,2248,8.9,2090,0.916,2004,False
Montreal Canadiens*,28.0,93,0.567,208,192,0.23,2.54,2.34,17.24,55,82.48,5,2270,9.2,2342,0.918,2004,False
St. Louis Blues*,30.0,91,0.555,191,198,-0.09,2.33,2.41,17.89,57,84.55,7,2223,8.6,2103,0.906,2004,False
Nashville Predators*,26.5,91,0.555,216,217,-0.05,2.63,2.65,16.82,64,81.77,14,2227,9.7,2335,0.907,2004,False
New York Islanders*,27.7,91,0.555,237,210,0.29,2.89,2.56,16.62,52,85.52,11,2341,10.1,2244,0.906,2004,False
Edmonton Oilers,27.5,89,0.543,221,208,0.21,2.7,2.54,13.02,66,81.14,13,2332,9.5,2175,0.904,2004,False
Buffalo Sabres,26.4,85,0.518,220,221,0.02,2.68,2.7,15.8,53,84.77,7,2301,9.6,2340,0.906,2004,False
Minnesota Wild,27.4,83,0.506,188,183,0.08,2.29,2.23,13.57,44,84.56,7,1982,9.5,2383,0.923,2004,False
Los Angeles Kings,28.7,81,0.494,205,217,-0.15,2.5,2.65,14.04,65,80.65,9,2349,8.7,2213,0.902,2004,False
Atlanta Thrashers,27.1,78,0.476,214,243,-0.38,2.61,2.96,14.63,58,85.17,11,2141,10.0,2411,0.899,2004,False
Carolina Hurricanes,28.4,76,0.463,172,209,-0.46,2.1,2.55,10.68,66,81.62,9,2394,7.2,2150,0.903,2004,False
Mighty Ducks of Anaheim,27.7,76,0.463,184,213,-0.34,2.24,2.6,18.06,54,84.7,5,2438,7.5,2443,0.913,2004,False
Florida Panthers,25.3,75,0.457,188,221,-0.42,2.29,2.7,16.77,51,86.33,7,2273,8.3,2828,0.922,2004,False
New York Rangers,30.2,69,0.421,206,250,-0.51,2.51,3.05,14.29,80,79.38,6,2416,8.5,2396,0.896,2004,False
Phoenix Coyotes,26.7,68,0.415,188,245,-0.66,2.29,2.99,14.25,71,82.16,9,2171,8.7,2506,0.902,2004,False
Columbus Blue Jackets,27.5,62,0.378,177,238,-0.72,2.16,2.9,14.46,50,85.16,5,2280,7.8,2623,0.909,2004,False
Chicago Blackhawks,25.8,59,0.36,188,259,-0.84,2.29,3.16,15.76,63,83.55,5,2401,7.8,2521,0.897,2004,False
Washington Capitals,28.0,59,0.36,186,253,-0.8,2.27,3.09,19.16,75,81.3,4,1946,9.6,2586,0.902,2004,False
Pittsburgh Penguins,26.5,58,0.354,190,303,-1.31,2.32,3.7,18.06,84,77.24,7,2029,9.4,2720,0.889,2004,False
Detroit Red Wings*,32.1,124,0.756,301,206,1.03,3.67,2.51,22.13,67,85.47,7,2796,10.8,2180,0.906,2006,False
Ottawa Senators*,27.3,113,0.689,312,205,1.18,3.8,2.5,20.82,73,84.66,25,2811,11.1,2344,0.913,2006,False
Carolina Hurricanes*,29.2,112,0.683,286,258,0.29,3.49,3.15,17.89,81,81.8,17,2553,11.2,2497,0.897,2006,True
Dallas Stars*,29.7,112,0.683,253,217,0.61,3.09,2.65,17.67,82,83.73,10,2333,10.8,2099,0.897,2006,False
Buffalo Sabres*,26.9,110,0.671,276,234,0.5,3.37,2.85,21.17,59,86.56,10,2510,11.0,2502,0.906,2006,False
Nashville Predators*,27.6,106,0.646,253,224,0.32,3.09,2.73,18.36,82,84.62,12,2380,10.6,2661,0.916,2006,False
Calgary Flames*,28.0,103,0.628,216,193,0.3,2.63,2.35,18.2,80,84.25,8,2299,9.4,2260,0.915,2006,False
Philadelphia Flyers*,28.2,101,0.616,263,253,0.0,3.21,3.09,18.02,97,79.14,19,2552,10.3,2370,0.893,2006,False
New Jersey Devils*,30.0,101,0.616,233,225,0.05,2.84,2.74,17.69,63,81.95,3,2393,9.7,2403,0.906,2006,False
New York Rangers*,28.2,100,0.61,250,211,0.38,3.05,2.57,18.78,79,83.74,4,2448,10.2,2358,0.911,2006,False
San Jose Sharks*,26.5,99,0.604,265,235,0.36,3.23,2.87,18.2,77,80.7,10,2483,10.7,2180,0.892,2006,False
Mighty Ducks of Anaheim*,28.2,98,0.598,251,222,0.37,3.06,2.71,18.13,84,83.53,9,2585,9.7,2431,0.909,2006,False
Colorado Avalanche*,29.6,95,0.579,280,251,0.39,3.41,3.06,18.82,69,84.6,11,2464,11.4,2415,0.896,2006,False
Edmonton Oilers*,28.7,95,0.579,249,242,0.15,3.04,2.95,18.14,76,84.1,15,2442,10.2,2094,0.884,2006,False
Montreal Canadiens*,27.9,93,0.567,241,244,-0.01,2.94,2.98,19.22,91,81.08,10,2470,9.8,2507,0.903,2006,False
Tampa Bay Lightning*,29.3,92,0.561,246,256,-0.18,3.0,3.12,16.7,72,81.59,11,2594,9.5,2260,0.887,2006,False
Vancouver Canucks,27.9,92,0.561,252,251,0.11,3.07,3.06,18.25,93,81.84,6,2358,10.7,2466,0.898,2006,False
Atlanta Thrashers,28.9,90,0.549,276,270,-0.03,3.37,3.29,18.98,102,79.27,13,2522,10.9,2483,0.891,2006,False
Toronto Maple Leafs,29.4,90,0.549,254,263,-0.11,3.1,3.21,21.36,99,80.04,14,2323,10.9,2509,0.895,2006,False
Los Angeles Kings,28.6,89,0.543,243,269,-0.15,2.96,3.28,14.23,104,78.73,15,2394,10.2,2459,0.891,2006,False
Florida Panthers,27.6,85,0.518,236,252,-0.28,2.88,3.07,15.33,91,82.3,5,2724,8.7,2853,0.912,2006,False
Minnesota Wild,27.7,84,0.512,226,212,0.28,2.76,2.59,16.96,55,87.39,11,2194,10.3,2460,0.914,2006,False
Phoenix Coyotes,28.4,81,0.494,242,268,-0.19,2.95,3.27,17.74,98,80.9,9,2318,10.4,2479,0.892,2006,False
New York Islanders,27.7,78,0.476,221,275,-0.62,2.7,3.35,16.89,99,79.2,5,2481,8.9,2549,0.892,2006,False
Boston Bruins,28.0,74,0.451,228,258,-0.36,2.78,3.15,14.83,78,83.72,9,2511,9.1,2633,0.902,2006,False
Columbus Blue Jackets,27.4,74,0.451,215,276,-0.66,2.62,3.37,14.19,95,81.84,10,2250,9.6,2762,0.9,2006,False
Washington Capitals,27.6,70,0.427,230,300,-0.86,2.8,3.66,14.69,116,78.91,15,2445,9.4,2880,0.896,2006,False
Chicago Blackhawks,26.8,65,0.396,209,279,-0.86,2.55,3.4,12.23,88,83.91,6,2480,8.4,2417,0.885,2006,False
Pittsburgh Penguins,26.8,58,0.354,243,310,-0.89,2.96,3.78,18.99,113,78.8,13,2297,10.6,2723,0.886,2006,False
St. Louis Blues,29.0,57,0.348,193,284,-1.09,2.35,3.46,14.65,82,82.21,6,2335,8.3,2510,0.887,2006,False
Buffalo Sabres*,27.2,113,0.689,298,238,0.64,3.63,2.9,17.44,72,81.35,8,2417,12.3,2541,0.906,2007,False
Detroit Red Wings*,32.3,113,0.689,252,191,0.72,3.07,2.33,16.96,63,84.56,12,2771,9.1,2020,0.905,2007,False
Nashville Predators*,27.4,110,0.671,266,207,0.78,3.24,2.52,17.4,55,85.9,8,2261,11.8,2561,0.919,2007,False
Anaheim Ducks*,28.5,110,0.671,254,198,0.67,3.1,2.41,22.36,61,85.12,4,2582,9.8,2248,0.912,2007,True
New Jersey Devils*,29.4,107,0.652,206,193,0.03,2.51,2.35,17.71,40,85.24,4,2354,8.8,2332,0.917,2007,False
San Jose Sharks*,26.4,107,0.652,256,197,0.77,3.12,2.4,22.44,55,83.33,7,2346,10.9,2148,0.908,2007,False
Dallas Stars*,30.0,107,0.652,217,195,0.44,2.65,2.38,18.5,59,84.35,3,2295,9.5,2114,0.908,2007,False
Vancouver Canucks*,28.0,105,0.64,217,197,0.39,2.65,2.4,17.2,57,86.93,5,2405,9.0,2398,0.918,2007,False
Ottawa Senators*,26.6,105,0.64,286,216,0.64,3.49,2.63,17.87,61,84.52,17,2651,10.8,2479,0.913,2007,False
Pittsburgh Penguins*,26.0,105,0.64,267,240,0.21,3.26,2.93,20.3,75,82.1,14,2366,11.3,2529,0.905,2007,False
Minnesota Wild*,28.2,104,0.634,225,184,0.65,2.74,2.24,18.95,48,85.96,9,2431,9.3,2361,0.922,2007,False
Atlanta Thrashers*,29.4,97,0.591,239,241,-0.15,2.91,2.94,16.46,79,79.8,9,2438,9.8,2582,0.907,2007,False
Calgary Flames*,28.4,96,0.585,255,221,0.51,3.11,2.7,18.2,81,80.43,15,2242,11.4,2502,0.912,2007,False
Colorado Avalanche,28.4,95,0.579,267,247,0.39,3.26,3.01,21.12,70,80.17,7,2603,10.3,2378,0.896,2007,False
New York Rangers*,28.6,94,0.573,233,211,0.16,2.84,2.57,18.47,65,83.75,11,2586,9.0,2329,0.909,2007,False
Tampa Bay Lightning*,28.2,93,0.567,243,259,-0.25,2.96,3.16,18.45,66,78.36,14,2418,10.0,2234,0.884,2007,False
New York Islanders*,29.7,92,0.561,240,235,-0.04,2.93,2.87,18.1,79,81.76,7,2457,9.8,2671,0.912,2007,False
Toronto Maple Leafs,27.8,91,0.555,254,262,-0.21,3.1,3.2,17.71,90,78.47,3,2681,9.5,2330,0.888,2007,False
Montreal Canadiens,28.0,90,0.549,239,251,-0.21,2.91,3.06,22.75,69,83.53,17,2426,9.9,2685,0.907,2007,False
Carolina Hurricanes,28.2,88,0.537,241,248,-0.29,2.94,3.02,14.99,61,84.56,12,2559,9.4,2336,0.894,2007,False
Florida Panthers,29.1,86,0.524,245,249,-0.27,2.99,3.04,18.1,78,82.39,5,2730,9.0,2402,0.896,2007,False
St. Louis Blues,28.9,81,0.494,208,248,-0.33,2.54,3.02,12.07,83,79.95,7,2202,9.4,2369,0.895,2007,False
Boston Bruins,27.8,76,0.463,210,285,-0.87,2.56,3.48,17.23,81,81.67,8,2370,8.9,2748,0.896,2007,False
Columbus Blue Jackets,27.8,73,0.445,196,244,-0.42,2.39,2.98,14.84,85,81.24,6,2273,8.6,2345,0.896,2007,False
Edmonton Oilers,28.2,71,0.433,192,245,-0.43,2.34,2.99,14.21,59,84.55,6,2193,8.8,2439,0.9,2007,False
Chicago Blackhawks,27.5,71,0.433,195,251,-0.52,2.38,3.06,11.81,77,82.62,12,2201,8.9,2408,0.896,2007,False
Washington Capitals,26.9,70,0.427,234,275,-0.73,2.85,3.35,16.42,82,80.19,12,2295,10.2,2734,0.899,2007,False
Los Angeles Kings,29.2,68,0.415,223,277,-0.51,2.72,3.38,18.33,91,77.86,6,2542,8.8,2440,0.886,2007,False
Phoenix Coyotes,28.8,67,0.409,211,282,-0.64,2.57,3.44,16.5,92,78.35,5,2320,9.1,2470,0.886,2007,False
Philadelphia Flyers,27.3,56,0.341,213,297,-1.12,2.6,3.62,14.1,65,84.52,15,2360,9.0,2673,0.889,2007,False
Detroit Red Wings*,32.1,115,0.701,252,179,0.93,3.07,2.18,20.72,57,84.03,5,2820,8.9,1930,0.907,2008,True
San Jose Sharks*,27.7,108,0.659,216,187,0.47,2.63,2.28,18.72,44,85.81,7,2428,8.9,1981,0.906,2008,False
Montreal Canadiens*,27.6,104,0.634,257,216,0.35,3.13,2.63,24.06,60,82.46,8,2382,10.8,2589,0.917,2008,False
Anaheim Ducks*,29.7,102,0.622,197,184,0.3,2.4,2.24,16.62,69,83.09,8,2241,8.8,2299,0.92,2008,False
Pittsburgh Penguins*,26.9,102,0.622,240,212,0.24,2.93,2.59,20.37,68,80.95,6,2268,10.6,2523,0.916,2008,False
New Jersey Devils*,29.2,99,0.604,198,193,0.0,2.41,2.35,15.63,54,82.8,6,2362,8.4,2257,0.914,2008,False
Minnesota Wild*,27.7,98,0.598,220,210,0.16,2.68,2.56,18.93,49,85.15,3,2218,9.9,2469,0.915,2008,False
New York Rangers*,27.4,97,0.591,205,190,0.05,2.5,2.32,16.49,53,84.55,4,2579,7.9,2124,0.911,2008,False
Dallas Stars*,29.0,97,0.591,237,204,0.54,2.89,2.49,18.08,51,85.59,13,2187,10.8,2137,0.905,2008,False
Philadelphia Flyers*,28.1,95,0.579,245,227,0.06,2.99,2.77,21.82,65,83.25,13,2358,10.4,2609,0.913,2008,False
Colorado Avalanche*,28.5,95,0.579,224,216,0.24,2.73,2.63,14.63,56,81.4,2,2349,9.5,2237,0.903,2008,False
Washington Capitals*,27.3,94,0.573,238,227,-0.06,2.9,2.77,18.79,68,80.52,5,2538,9.4,2259,0.9,2008,False
Ottawa Senators*,28.5,94,0.573,258,242,0.06,3.15,2.95,18.29,72,81.05,18,2471,10.4,2456,0.901,2008,False
Boston Bruins*,28.1,94,0.573,206,215,-0.2,2.51,2.62,17.55,71,78.61,9,2339,8.8,2495,0.914,2008,False
Calgary Flames*,29.5,94,0.573,226,224,0.13,2.76,2.73,16.76,72,81.49,9,2316,9.8,2335,0.904,2008,False
Carolina Hurricanes,29.3,92,0.561,250,246,-0.15,3.05,3.0,18.81,75,78.87,4,2669,9.4,2368,0.896,2008,False
Nashville Predators*,28.1,91,0.555,227,224,0.13,2.77,2.73,14.8,49,85.37,7,2425,9.4,2440,0.908,2008,False
Buffalo Sabres,26.8,90,0.549,251,233,0.05,3.06,2.84,18.03,56,83.18,9,2478,10.1,2326,0.9,2008,False
Vancouver Canucks,28.1,88,0.537,207,206,0.08,2.52,2.51,17.07,64,82.61,8,2252,9.2,2367,0.913,2008,False
Edmonton Oilers,27.1,88,0.537,220,247,-0.07,2.68,3.01,16.57,56,84.7,7,2156,10.2,2573,0.904,2008,False
Chicago Blackhawks,26.8,88,0.537,234,231,0.16,2.85,2.82,15.89,69,82.08,17,2298,10.2,2346,0.902,2008,False
Florida Panthers,28.1,85,0.518,211,220,-0.29,2.57,2.68,19.17,66,82.35,4,2549,8.3,2752,0.92,2008,False
Phoenix Coyotes,26.5,83,0.506,209,225,-0.04,2.55,2.74,18.58,64,80.72,11,2500,8.4,2518,0.911,2008,False
Toronto Maple Leafs,28.4,83,0.506,228,256,-0.42,2.78,3.12,17.78,77,78.13,4,2542,9.0,2402,0.893,2008,False
Columbus Blue Jackets,27.2,80,0.488,190,210,-0.16,2.32,2.56,14.89,63,83.33,8,2381,8.0,2249,0.907,2008,False
New York Islanders,28.3,79,0.482,189,240,-0.65,2.3,2.93,14.55,68,81.87,10,2431,7.8,2488,0.904,2008,False
St. Louis Blues,28.4,79,0.482,202,232,-0.24,2.46,2.83,14.07,56,84.4,3,2141,9.4,2249,0.897,2008,False
Atlanta Thrashers,29.3,76,0.463,207,266,-0.8,2.52,3.24,16.46,75,78.81,13,2115,9.8,2782,0.904,2008,False
Tampa Bay Lightning,27.9,71,0.433,221,266,-0.67,2.7,3.24,19.26,56,82.05,7,2354,9.4,2311,0.885,2008,False
Los Angeles Kings,27.7,71,0.433,226,263,-0.24,2.76,3.21,17.44,68,77.99,11,2349,9.6,2625,0.9,2008,False
San Jose Sharks*,28.7,117,0.713,251,199,0.61,3.06,2.43,24.17,51,83.22,12,2720,9.2,2228,0.911,2009,False
Boston Bruins*,28.4,116,0.707,270,190,0.89,3.29,2.32,23.64,54,82.35,8,2482,10.9,2524,0.925,2009,False
Detroit Red Wings*,31.2,112,0.683,289,240,0.62,3.52,2.93,25.5,71,78.29,6,2965,9.7,2274,0.894,2009,False
Washington Capitals*,27.2,108,0.659,268,240,0.27,3.27,2.93,25.22,75,80.62,7,2747,9.8,2418,0.901,2009,False
New Jersey Devils*,30.3,106,0.646,238,207,0.38,2.9,2.52,18.89,65,79.94,12,2698,8.8,2415,0.914,2009,False
Chicago Blackhawks*,25.9,104,0.634,260,209,0.6,3.17,2.55,19.28,64,80.61,10,2683,9.7,2344,0.911,2009,False
Vancouver Canucks*,27.9,100,0.61,243,213,0.3,2.96,2.6,18.77,69,81.4,7,2335,10.4,2392,0.911,2009,False
Pittsburgh Penguins*,26.6,99,0.604,258,233,0.28,3.15,2.84,17.22,60,82.71,7,2381,10.8,2484,0.906,2009,True
Philadelphia Flyers*,27.0,99,0.604,260,232,0.28,3.17,2.83,22.47,67,82.95,16,2441,10.7,2668,0.913,2009,False
Calgary Flames*,28.9,98,0.598,251,246,0.07,3.06,3.0,17.04,58,83.38,6,2643,9.5,2441,0.899,2009,False
Carolina Hurricanes*,27.9,97,0.591,236,221,0.11,2.88,2.7,18.72,59,80.4,8,2675,8.8,2419,0.909,2009,False
New York Rangers*,27.0,95,0.579,200,212,-0.1,2.44,2.59,13.87,40,87.84,9,2658,7.5,2433,0.913,2009,False
Montreal Canadiens*,27.6,93,0.567,242,240,0.02,2.95,2.93,19.25,65,82.43,10,2461,9.8,2600,0.908,2009,False
Florida Panthers,28.6,93,0.567,231,223,0.0,2.82,2.72,16.56,54,82.64,7,2411,9.6,2843,0.922,2009,False
St. Louis Blues*,27.1,92,0.561,227,227,0.05,2.77,2.77,20.51,58,83.75,10,2271,10.0,2341,0.903,2009,False
Columbus Blue Jackets*,25.8,92,0.561,220,223,-0.01,2.68,2.72,12.73,62,82.08,8,2370,9.3,2281,0.902,2009,False
Anaheim Ducks*,29.2,91,0.555,238,235,0.09,2.9,2.87,23.62,78,79.74,6,2481,9.6,2499,0.906,2009,False
Buffalo Sabres,28.1,91,0.555,242,229,0.18,2.95,2.79,20.95,61,81.85,7,2505,9.7,2575,0.911,2009,False
Minnesota Wild,27.7,89,0.543,214,197,0.22,2.61,2.4,20.12,36,87.63,9,2257,9.5,2518,0.922,2009,False
Nashville Predators,27.6,88,0.537,207,228,-0.19,2.52,2.78,15.72,59,82.54,9,2375,8.7,2411,0.905,2009,False
Edmonton Oilers,28.8,85,0.518,228,244,-0.16,2.78,2.98,16.95,76,77.51,3,2303,9.9,2668,0.909,2009,False
Dallas Stars,28.5,83,0.506,224,251,-0.3,2.73,3.06,15.38,70,78.59,2,2369,9.5,2303,0.891,2009,False
Ottawa Senators,27.9,83,0.506,213,231,-0.23,2.6,2.82,19.47,64,81.5,8,2405,8.9,2336,0.901,2009,False
Toronto Maple Leafs,28.0,81,0.494,244,286,-0.49,2.98,3.49,18.79,78,74.68,6,2603,9.4,2480,0.885,2009,False
Phoenix Coyotes,26.6,79,0.482,205,249,-0.5,2.5,3.04,14.66,68,76.79,5,2302,8.9,2591,0.904,2009,False
Los Angeles Kings,25.5,79,0.482,202,226,-0.29,2.46,2.76,19.17,62,82.83,4,2383,8.5,2301,0.902,2009,False
Atlanta Thrashers,27.9,76,0.463,250,279,-0.3,3.05,3.4,19.33,88,75.96,13,2306,10.8,2683,0.896,2009,False
Colorado Avalanche,28.6,69,0.421,190,253,-0.66,2.32,3.09,15.72,64,79.87,4,2359,8.1,2376,0.894,2009,False
Tampa Bay Lightning,27.4,66,0.402,207,269,-0.81,2.52,3.28,17.78,89,78.02,4,2337,8.9,2701,0.9,2009,False
New York Islanders,27.7,61,0.372,198,274,-0.91,2.41,3.34,16.88,73,79.78,12,2372,8.3,2751,0.9,2009,False
Washington Capitals*,27.2,121,0.738,313,227,0.9,3.82,2.77,25.24,67,78.8,4,2693,11.6,2535,0.91,2010,False
San Jose Sharks*,29.3,113,0.689,257,209,0.65,3.13,2.55,21.04,49,84.88,8,2602,9.9,2571,0.919,2010,False
Chicago Blackhawks*,26.6,112,0.683,262,203,0.77,3.2,2.48,17.69,40,84.96,13,2798,9.4,2058,0.901,2010,True
Phoenix Coyotes*,28.2,107,0.652,211,196,0.34,2.57,2.39,14.65,49,84.54,3,2502,8.4,2427,0.919,2010,False
Vancouver Canucks*,28.1,103,0.628,268,218,0.6,3.27,2.66,21.05,59,81.56,8,2534,10.6,2419,0.91,2010,False
New Jersey Devils*,30.5,103,0.628,216,186,0.31,2.63,2.27,18.75,41,82.92,7,2459,8.8,2213,0.916,2010,False
Detroit Red Wings*,30.3,102,0.622,223,207,0.23,2.72,2.52,19.22,43,83.9,8,2737,8.1,2413,0.914,2010,False
Los Angeles Kings*,26.2,101,0.616,231,211,0.32,2.82,2.57,20.85,60,80.26,4,2389,9.7,2260,0.907,2010,False
Pittsburgh Penguins*,27.8,101,0.616,249,235,0.17,3.04,2.87,17.18,52,84.1,7,2688,9.3,2350,0.9,2010,False
Buffalo Sabres*,27.8,100,0.61,231,201,0.26,2.82,2.45,17.57,38,86.62,4,2588,8.9,2573,0.922,2010,False
Nashville Predators*,27.6,100,0.61,217,221,0.06,2.65,2.7,16.43,59,77.13,5,2508,8.7,2396,0.908,2010,False
Colorado Avalanche*,26.4,95,0.579,237,228,0.16,2.89,2.78,18.06,60,80.2,8,2287,10.4,2629,0.913,2010,False
Ottawa Senators*,27.9,94,0.573,220,233,-0.22,2.68,2.84,16.9,50,84.28,5,2436,9.0,2340,0.9,2010,False
Boston Bruins*,28.1,91,0.555,196,191,0.01,2.39,2.33,16.6,37,86.4,6,2599,7.5,2444,0.922,2010,False
Calgary Flames,28.8,90,0.549,201,203,-0.03,2.45,2.48,16.04,54,82.3,7,2350,8.6,2372,0.914,2010,False
St. Louis Blues,27.9,90,0.549,218,218,0.08,2.66,2.66,17.21,45,86.84,6,2445,8.9,2473,0.912,2010,False
Anaheim Ducks,27.9,89,0.543,233,243,-0.07,2.84,2.96,21.0,67,79.26,8,2472,9.4,2736,0.911,2010,False
Montreal Canadiens*,27.5,88,0.537,210,218,-0.14,2.56,2.66,21.84,53,82.96,3,2345,9.0,2634,0.917,2010,False
Philadelphia Flyers*,27.7,88,0.537,232,222,0.08,2.83,2.71,21.38,57,82.93,5,2589,9.0,2346,0.905,2010,False
Dallas Stars,28.3,88,0.537,230,244,-0.12,2.8,2.98,18.6,65,77.43,8,2523,9.1,2559,0.905,2010,False
New York Rangers,26.8,87,0.53,219,214,0.0,2.67,2.61,18.27,50,84.28,5,2425,9.0,2450,0.913,2010,False
Minnesota Wild,28.6,84,0.512,214,239,-0.26,2.61,2.91,19.09,53,82.68,3,2266,9.4,2415,0.901,2010,False
Atlanta Thrashers,27.5,83,0.506,230,250,-0.33,2.8,3.05,16.14,57,82.19,9,2409,9.5,2716,0.908,2010,False
Tampa Bay Lightning,27.0,80,0.488,213,253,-0.56,2.6,3.09,19.33,67,80.06,2,2367,9.0,2575,0.902,2010,False
Carolina Hurricanes,28.9,80,0.488,226,251,-0.37,2.76,3.06,17.02,62,80.63,7,2402,9.4,2574,0.902,2010,False
New York Islanders,28.3,79,0.482,214,258,-0.53,2.61,3.15,16.01,71,76.33,7,2493,8.6,2619,0.901,2010,False
Columbus Blue Jackets,26.1,79,0.482,214,249,-0.42,2.61,3.04,18.18,61,81.74,6,2338,9.2,2514,0.901,2010,False
Florida Panthers,28.1,77,0.47,202,234,-0.47,2.46,2.85,14.24,59,79.37,7,2331,8.7,2800,0.916,2010,False
Toronto Maple Leafs,27.0,74,0.451,210,263,-0.68,2.56,3.21,13.97,73,74.65,4,2671,7.9,2440,0.892,2010,False
Edmonton Oilers,27.1,62,0.378,206,278,-0.76,2.51,3.39,17.28,67,78.03,6,2321,8.9,2716,0.898,2010,False
Vancouver Canucks*,28.1,117,0.713,258,180,0.87,3.15,2.2,24.32,45,85.58,6,2624,9.8,2470,0.927,2011,False
Washington Capitals*,25.9,107,0.652,219,191,0.27,2.67,2.33,17.49,43,85.62,7,2566,8.5,2375,0.92,2011,False
Pittsburgh Penguins*,27.4,106,0.646,228,196,0.43,2.78,2.39,15.76,45,86.11,13,2581,8.8,2352,0.917,2011,False
Philadelphia Flyers*,27.6,106,0.646,256,216,0.4,3.12,2.63,16.61,54,82.75,13,2605,9.8,2471,0.913,2011,False
San Jose Sharks*,27.9,105,0.64,243,208,0.44,2.96,2.54,23.45,56,79.49,6,2832,8.6,2368,0.912,2011,False
Detroit Red Wings*,30.7,104,0.634,257,237,0.27,3.13,2.89,22.26,53,82.33,5,2757,9.3,2514,0.906,2011,False
Boston Bruins*,28.3,103,0.628,244,189,0.56,2.98,2.3,16.17,46,82.64,11,2696,9.1,2682,0.93,2011,True
Tampa Bay Lightning*,29.0,103,0.628,241,234,0.04,2.94,2.85,20.54,49,83.77,1,2605,9.3,2354,0.901,2011,False
Phoenix Coyotes*,29.0,99,0.604,226,220,0.11,2.76,2.68,15.92,64,78.38,5,2486,9.1,2673,0.918,2011,False
Nashville Predators*,26.7,99,0.604,213,190,0.31,2.6,2.32,15.24,41,84.93,5,2361,9.0,2510,0.924,2011,False
Anaheim Ducks*,28.9,99,0.604,235,233,0.09,2.87,2.84,23.51,57,81.31,7,2334,10.1,2648,0.912,2011,False
Los Angeles Kings*,26.3,98,0.598,209,196,0.29,2.55,2.39,16.15,40,85.51,4,2363,8.8,2288,0.914,2011,False
Chicago Blackhawks*,26.7,97,0.591,252,220,0.41,3.07,2.68,23.1,53,79.22,6,2637,9.6,2354,0.907,2011,False
Montreal Canadiens*,27.6,96,0.585,213,206,0.05,2.6,2.51,19.66,51,84.4,5,2602,8.2,2537,0.919,2011,False
Buffalo Sabres*,27.5,96,0.585,240,228,0.15,2.93,2.78,19.35,51,83.0,2,2690,8.9,2514,0.909,2011,False
Dallas Stars,28.0,95,0.579,222,226,-0.02,2.71,2.76,17.97,55,80.14,10,2269,9.8,2504,0.91,2011,False
Calgary Flames,30.0,94,0.573,241,230,0.14,2.94,2.8,19.5,53,81.21,7,2501,9.6,2338,0.902,2011,False
New York Rangers*,26.2,93,0.567,224,195,0.37,2.73,2.38,16.9,42,83.66,11,2453,9.1,2410,0.919,2011,False
Carolina Hurricanes,26.6,91,0.555,231,234,-0.08,2.82,2.85,15.9,51,81.25,7,2517,9.2,2725,0.914,2011,False
St. Louis Blues,25.7,87,0.53,236,228,0.11,2.88,2.78,18.64,51,81.72,7,2475,9.5,2274,0.9,2011,False
Minnesota Wild,28.9,86,0.524,203,228,-0.3,2.48,2.78,18.15,53,82.85,7,2148,9.5,2625,0.913,2011,False
Toronto Maple Leafs,25.7,85,0.518,213,245,-0.41,2.6,2.99,15.95,62,77.45,5,2360,9.0,2540,0.904,2011,False
New Jersey Devils,29.9,81,0.494,171,207,-0.41,2.09,2.52,14.35,40,83.4,3,2344,7.3,2152,0.904,2011,False
Columbus Blue Jackets,26.8,81,0.494,210,250,-0.45,2.56,3.05,13.95,62,80.25,6,2506,8.4,2447,0.898,2011,False
Atlanta Thrashers,26.1,80,0.488,218,262,-0.57,2.66,3.2,18.34,64,77.54,6,2581,8.4,2638,0.901,2011,False
Ottawa Senators,28.1,74,0.451,190,245,-0.69,2.32,2.99,17.51,48,83.73,6,2381,8.0,2559,0.904,2011,False
New York Islanders,26.2,73,0.445,225,258,-0.42,2.74,3.15,17.22,52,83.23,15,2408,9.3,2620,0.902,2011,False
Florida Panthers,28.3,72,0.439,191,222,-0.43,2.33,2.71,13.11,41,84.64,4,2493,7.7,2609,0.915,2011,False
Colorado Avalanche,25.9,68,0.415,221,287,-0.7,2.7,3.5,18.49,75,76.11,8,2394,9.2,2609,0.89,2011,False
Edmonton Oilers,26.2,62,0.378,191,260,-0.87,2.33,3.17,14.47,74,76.95,8,2188,8.7,2597,0.9,2011,False
Vancouver Canucks*,28.5,111,0.677,241,191,0.57,2.94,2.33,19.79,40,86.01,7,2583,9.3,2526,0.924,2012,False
St. Louis Blues*,26.5,109,0.665,206,155,0.54,2.51,1.89,16.73,40,85.82,7,2511,8.2,2190,0.929,2012,False
New York Rangers*,26.5,109,0.665,222,182,0.46,2.71,2.22,15.71,36,86.15,8,2338,9.5,2281,0.92,2012,False
Pittsburgh Penguins*,28.5,108,0.659,273,218,0.71,3.33,2.66,19.72,33,87.78,11,2779,9.8,2247,0.903,2012,False
Nashville Predators*,26.8,104,0.634,232,205,0.34,2.83,2.5,21.6,40,83.61,5,2261,10.3,2522,0.919,2012,False
Philadelphia Flyers*,27.3,103,0.628,260,225,0.39,3.17,2.74,19.7,58,81.82,6,2641,9.8,2329,0.903,2012,False
Boston Bruins*,28.8,102,0.622,260,199,0.75,3.17,2.43,17.2,43,83.46,8,2653,9.8,2441,0.918,2012,False
New Jersey Devils*,30.1,102,0.622,216,205,0.23,2.63,2.5,17.23,27,89.58,15,2253,9.6,2199,0.907,2012,False
Detroit Red Wings*,30.0,102,0.622,239,200,0.55,2.91,2.44,16.11,50,81.75,2,2638,9.1,2212,0.91,2012,False
Chicago Blackhawks*,27.0,101,0.616,241,231,0.14,2.94,2.82,15.16,51,78.11,7,2583,9.3,2343,0.901,2012,False
Phoenix Coyotes*,28.9,97,0.591,210,194,0.16,2.56,2.37,13.55,36,85.54,6,2428,8.6,2592,0.925,2012,False
San Jose Sharks*,28.1,96,0.585,219,205,0.22,2.67,2.5,21.11,52,76.89,3,2773,7.9,2342,0.912,2012,False
Los Angeles Kings*,26.7,95,0.579,188,170,0.19,2.29,2.07,16.96,38,87.03,9,2509,7.5,2248,0.924,2012,True
Florida Panthers*,29.0,94,0.573,197,216,-0.33,2.4,2.63,18.53,49,79.5,4,2433,8.1,2505,0.914,2012,False
Ottawa Senators*,27.8,92,0.561,243,236,0.09,2.96,2.88,18.15,57,81.61,9,2574,9.4,2627,0.91,2012,False
Washington Capitals*,27.6,92,0.561,218,226,-0.13,2.66,2.76,16.73,49,81.58,3,2295,9.5,2475,0.909,2012,False
Calgary Flames,29.6,90,0.549,199,217,-0.28,2.43,2.65,17.69,42,84.33,3,2258,8.8,2528,0.914,2012,False
Dallas Stars,28.4,89,0.543,204,218,-0.1,2.49,2.66,13.52,52,82.84,5,2314,8.8,2527,0.914,2012,False
Buffalo Sabres,27.0,89,0.543,211,223,-0.15,2.57,2.72,17.05,47,81.71,5,2397,8.8,2571,0.913,2012,False
Colorado Avalanche,25.9,88,0.537,199,218,-0.13,2.43,2.66,18.39,47,83.03,5,2583,7.7,2426,0.91,2012,False
Tampa Bay Lightning,29.5,84,0.512,232,278,-0.57,2.83,3.39,15.24,59,79.23,2,2227,10.4,2501,0.889,2012,False
Winnipeg Jets,26.2,84,0.512,221,242,-0.3,2.7,2.95,17.93,58,80.14,3,2471,8.9,2470,0.902,2012,False
Carolina Hurricanes,26.5,82,0.5,212,237,-0.39,2.59,2.89,16.67,49,80.56,12,2498,8.5,2653,0.911,2012,False
Minnesota Wild,27.4,81,0.494,166,217,-0.58,2.02,2.65,15.12,51,82.11,5,2174,7.6,2570,0.916,2012,False
Toronto Maple Leafs,25.9,80,0.488,227,259,-0.38,2.77,3.16,18.35,55,77.27,5,2322,9.8,2528,0.898,2012,False
Anaheim Ducks,28.5,80,0.488,201,224,-0.29,2.45,2.73,16.61,51,81.98,4,2291,8.8,2367,0.905,2012,False
New York Islanders,27.8,79,0.482,196,251,-0.58,2.39,3.06,18.52,46,80.51,4,2410,8.1,2469,0.898,2012,False
Montreal Canadiens,26.8,78,0.476,207,214,-0.17,2.52,2.61,14.29,36,88.57,10,2340,8.8,2432,0.912,2012,False
Edmonton Oilers,27.4,74,0.451,207,232,-0.32,2.52,2.83,20.61,52,82.43,5,2186,9.5,2518,0.908,2012,False
Columbus Blue Jackets,26.7,65,0.396,198,257,-0.65,2.41,3.13,15.46,64,76.64,7,2454,8.1,2537,0.899,2012,False
Chicago Blackhawks*,26.8,77,0.802,149,97,1.04,3.1,2.02,16.67,18,87.23,5,1494,10.0,1258,0.923,2013,True
Pittsburgh Penguins*,29.0,72,0.75,162,119,0.91,3.38,2.48,24.71,34,79.64,2,1438,11.3,1403,0.915,2013,False
Anaheim Ducks*,28.8,66,0.688,134,115,0.43,2.79,2.4,21.48,30,81.48,5,1347,9.9,1340,0.914,2013,False
Montreal Canadiens*,27.8,63,0.656,146,124,0.46,3.04,2.58,20.69,35,79.77,0,1468,9.9,1293,0.904,2013,False
Boston Bruins*,27.8,62,0.646,127,106,0.44,2.65,2.21,14.75,21,87.12,5,1557,8.2,1373,0.923,2013,False
St. Louis Blues*,26.3,60,0.625,124,114,0.31,2.58,2.38,19.46,23,84.67,3,1336,9.3,1161,0.902,2013,False
Vancouver Canucks*,28.2,59,0.615,122,115,0.07,2.54,2.4,15.76,27,84.02,2,1350,9.0,1389,0.917,2013,False
Los Angeles Kings*,26.5,59,0.615,131,114,0.29,2.73,2.38,19.88,27,83.23,2,1431,9.2,1198,0.905,2013,False
Washington Capitals*,26.6,57,0.594,146,130,0.31,3.04,2.71,26.83,36,77.91,3,1350,10.8,1551,0.916,2013,False
Toronto Maple Leafs*,26.0,57,0.594,145,128,0.27,3.02,2.67,18.67,19,87.9,1,1264,11.5,1549,0.917,2013,False
San Jose Sharks*,28.9,57,0.594,116,112,0.17,2.42,2.33,20.12,22,85.03,3,1526,7.6,1390,0.919,2013,False
Detroit Red Wings*,28.2,56,0.583,122,110,0.2,2.54,2.29,18.38,30,81.71,3,1447,8.4,1322,0.917,2013,False
New York Rangers*,27.2,56,0.583,126,108,0.38,2.63,2.25,15.69,28,81.08,5,1483,8.5,1353,0.92,2013,False
Ottawa Senators*,27.4,56,0.583,112,100,0.27,2.33,2.08,15.92,20,88.02,2,1591,7.0,1502,0.933,2013,False
Minnesota Wild*,27.8,55,0.573,118,125,-0.16,2.46,2.6,17.88,26,80.74,1,1382,8.5,1299,0.904,2013,False
Columbus Blue Jackets,26.3,55,0.573,115,115,0.03,2.4,2.4,14.19,25,82.64,3,1283,9.0,1436,0.92,2013,False
New York Islanders*,28.7,55,0.573,135,136,0.03,2.81,2.83,19.87,28,80.28,2,1485,9.1,1352,0.899,2013,False
Winnipeg Jets,26.4,51,0.531,126,141,-0.36,2.63,2.94,13.79,28,79.71,1,1389,9.1,1424,0.901,2013,False
Phoenix Coyotes,28.4,51,0.531,121,125,-0.1,2.52,2.6,14.79,34,79.88,2,1482,8.2,1467,0.915,2013,False
Philadelphia Flyers,27.9,49,0.51,132,139,-0.14,2.75,2.9,21.64,26,85.87,2,1394,9.5,1371,0.899,2013,False
Buffalo Sabres,27.3,48,0.5,118,139,-0.31,2.46,2.9,14.11,37,79.21,7,1339,8.8,1606,0.913,2013,False
Dallas Stars,28.2,48,0.5,128,141,-0.21,2.67,2.94,16.96,34,81.01,2,1261,10.2,1489,0.905,2013,False
New Jersey Devils,30.8,48,0.5,110,122,-0.31,2.29,2.54,15.91,32,81.07,11,1363,8.1,1110,0.89,2013,False
Edmonton Oilers,26.4,45,0.469,123,131,-0.22,2.56,2.73,20.12,29,83.43,4,1285,9.6,1572,0.917,2013,False
Calgary Flames,29.0,42,0.438,128,157,-0.65,2.67,3.27,20.0,28,81.46,6,1293,9.9,1412,0.889,2013,False
Carolina Hurricanes,26.9,42,0.438,127,159,-0.65,2.65,3.31,14.55,36,77.64,3,1545,8.2,1546,0.897,2013,False
Nashville Predators,27.3,41,0.427,109,133,-0.5,2.27,2.77,17.14,34,75.54,1,1244,8.8,1335,0.9,2013,False
Tampa Bay Lightning,27.7,40,0.417,147,147,-0.11,3.06,3.06,19.02,30,80.65,0,1323,11.1,1451,0.899,2013,False
Colorado Avalanche,26.7,39,0.406,114,150,-0.73,2.38,3.13,15.0,36,80.33,3,1415,8.1,1508,0.901,2013,False
Florida Panthers,27.8,36,0.375,109,170,-1.18,2.27,3.54,20.42,39,74.17,4,1400,7.8,1504,0.887,2013,False
Boston Bruins*,27.6,117,0.713,258,171,0.92,3.15,2.09,21.74,43,83.65,9,2612,9.9,2385,0.928,2014,False
Anaheim Ducks*,27.7,116,0.707,263,203,0.68,3.21,2.48,16.0,48,82.22,10,2569,10.2,2353,0.914,2014,False
Colorado Avalanche*,26.9,112,0.683,245,216,0.4,2.99,2.63,19.84,48,80.72,3,2420,10.1,2678,0.919,2014,False
St. Louis Blues*,27.4,111,0.677,239,188,0.71,2.91,2.29,19.79,42,85.67,6,2402,10.0,2163,0.913,2014,False
San Jose Sharks*,28.7,111,0.677,239,193,0.6,2.91,2.35,17.18,33,84.93,8,2851,8.4,2281,0.915,2014,False
Pittsburgh Penguins*,28.3,109,0.665,242,204,0.47,2.95,2.49,23.38,38,85.04,4,2454,9.9,2358,0.913,2014,False
Chicago Blackhawks*,27.5,107,0.652,261,212,0.6,3.18,2.59,19.46,46,81.45,9,2715,9.6,2229,0.905,2014,False
Tampa Bay Lightning*,27.1,101,0.616,232,209,0.25,2.83,2.55,18.52,52,80.74,10,2446,9.5,2397,0.913,2014,False
Montreal Canadiens*,28.3,100,0.61,209,201,0.08,2.55,2.45,17.2,43,85.12,6,2330,9.0,2541,0.921,2014,False
Los Angeles Kings*,27.4,100,0.61,198,168,0.4,2.41,2.05,15.14,50,83.11,5,2595,7.6,2148,0.922,2014,True
Minnesota Wild*,27.2,98,0.598,199,198,0.07,2.43,2.41,17.86,53,78.8,4,2180,9.1,2273,0.913,2014,False
New York Rangers*,27.4,96,0.585,214,190,0.26,2.61,2.32,18.18,34,85.34,10,2719,7.9,2412,0.921,2014,False
Philadelphia Flyers*,27.7,94,0.573,233,227,-0.01,2.84,2.77,19.73,48,84.81,8,2490,9.4,2508,0.909,2014,False
Detroit Red Wings*,28.6,93,0.567,217,221,-0.14,2.65,2.7,17.73,50,83.05,3,2456,8.8,2400,0.908,2014,False
Columbus Blue Jackets*,26.1,93,0.567,226,214,0.16,2.76,2.61,19.29,50,82.14,9,2431,9.3,2524,0.915,2014,False
Dallas Stars*,28.2,91,0.555,231,223,0.14,2.82,2.72,15.86,49,81.37,8,2597,8.9,2492,0.911,2014,False
Washington Capitals,26.5,90,0.549,225,229,-0.08,2.74,2.79,23.37,51,82.04,5,2412,9.3,2750,0.917,2014,False
Phoenix Coyotes,28.7,89,0.543,210,224,-0.16,2.56,2.73,19.86,57,79.04,3,2498,8.4,2540,0.912,2014,False
Nashville Predators,26.7,88,0.537,214,233,-0.25,2.61,2.84,19.25,47,80.25,2,2382,9.0,2370,0.902,2014,False
Ottawa Senators,26.6,88,0.537,229,258,-0.37,2.79,3.15,18.45,61,80.94,5,2691,8.5,2849,0.909,2014,False
New Jersey Devils,30.6,88,0.537,197,195,-0.15,2.4,2.38,19.5,36,86.36,9,2199,9.0,2089,0.907,2014,False
Toronto Maple Leafs,26.2,84,0.512,222,252,-0.34,2.71,3.07,19.84,58,78.36,7,2290,9.7,2945,0.914,2014,False
Winnipeg Jets,26.3,84,0.512,219,231,-0.07,2.67,2.82,15.44,49,83.16,5,2516,8.7,2472,0.907,2014,False
Carolina Hurricanes,27.0,83,0.506,205,226,-0.29,2.5,2.76,14.59,44,81.74,11,2561,8.0,2537,0.911,2014,False
Vancouver Canucks,28.6,83,0.506,191,216,-0.3,2.33,2.63,15.18,46,83.21,6,2527,7.6,2327,0.907,2014,False
New York Islanders,26.2,79,0.482,216,261,-0.51,2.63,3.18,17.75,58,78.11,8,2537,8.5,2464,0.894,2014,False
Calgary Flames,26.7,77,0.47,202,238,-0.35,2.46,2.9,15.66,43,81.7,12,2199,9.2,2345,0.899,2014,False
Edmonton Oilers,26.5,67,0.409,199,267,-0.75,2.43,3.26,16.97,50,82.14,4,2208,9.0,2696,0.901,2014,False
Florida Panthers,29.0,66,0.402,188,262,-0.87,2.29,3.2,10.04,63,75.95,8,2451,7.7,2551,0.897,2014,False
Buffalo Sabres,26.6,52,0.317,150,243,-1.09,1.83,2.96,14.06,51,81.39,5,2156,7.0,2816,0.914,2014,False
New York Rangers*,29.4,113,0.689,248,187,0.69,3.02,2.28,16.81,37,84.26,9,2582,9.6,2418,0.923,2015,False
Montreal Canadiens*,28.4,110,0.671,214,184,0.36,2.61,2.24,16.53,42,83.66,7,2334,9.2,2470,0.926,2015,False
Anaheim Ducks*,27.0,109,0.665,228,221,0.1,2.78,2.7,15.68,52,81.02,9,2458,9.3,2367,0.907,2015,False
St. Louis Blues*,28.3,109,0.665,239,197,0.59,2.91,2.4,22.31,42,83.66,2,2535,9.4,2233,0.912,2015,False
Tampa Bay Lightning*,26.9,108,0.659,259,206,0.57,3.16,2.51,18.79,42,83.66,7,2428,10.7,2287,0.91,2015,False
Nashville Predators*,28.4,104,0.634,226,202,0.33,2.76,2.46,16.22,45,80.77,4,2614,8.6,2317,0.913,2015,False
Chicago Blackhawks*,29.3,102,0.622,220,186,0.51,2.68,2.27,17.69,35,83.41,3,2777,7.9,2477,0.925,2015,True
Washington Capitals*,28.1,101,0.616,237,199,0.44,2.89,2.43,25.32,50,81.2,4,2419,9.8,2368,0.916,2015,False
Vancouver Canucks*,29.4,101,0.616,236,220,0.2,2.88,2.68,19.33,38,85.71,6,2453,9.6,2446,0.91,2015,False
New York Islanders*,27.3,101,0.616,245,224,0.26,2.99,2.73,18.73,48,77.88,10,2771,8.8,2321,0.903,2015,False
Detroit Red Wings*,28.9,100,0.61,231,211,0.14,2.82,2.57,23.81,55,80.9,3,2429,9.5,2322,0.909,2015,False
Minnesota Wild*,27.7,100,0.61,227,198,0.39,2.77,2.41,15.85,32,86.32,4,2522,9.0,2265,0.913,2015,False
Winnipeg Jets*,27.3,99,0.604,223,204,0.29,2.72,2.49,17.84,56,81.82,10,2439,9.1,2350,0.913,2015,False
Ottawa Senators*,26.9,99,0.604,232,208,0.25,2.83,2.54,16.79,44,82.88,6,2539,9.1,2635,0.921,2015,False
Pittsburgh Penguins*,29.5,98,0.598,217,204,0.12,2.65,2.49,19.29,42,84.84,6,2594,8.4,2401,0.915,2015,False
Calgary Flames*,28.2,97,0.591,237,213,0.26,2.89,2.6,18.82,36,80.65,6,2252,10.5,2391,0.911,2015,False
Boston Bruins,28.3,96,0.585,209,201,0.01,2.55,2.45,17.84,44,81.97,8,2546,8.2,2449,0.918,2015,False
Los Angeles Kings,28.5,95,0.579,218,197,0.16,2.66,2.4,19.03,45,80.93,7,2536,8.6,2214,0.911,2015,False
Dallas Stars,28.5,92,0.561,257,257,0.06,3.13,3.13,18.97,49,80.71,9,2558,10.0,2454,0.895,2015,False
Florida Panthers,29.2,91,0.555,198,213,-0.23,2.41,2.6,16.26,50,80.0,1,2516,7.9,2424,0.912,2015,False
Colorado Avalanche,28.6,90,0.549,209,223,-0.04,2.55,2.72,14.98,37,84.65,4,2286,9.1,2719,0.918,2015,False
Columbus Blue Jackets,27.0,89,0.543,227,248,-0.16,2.77,3.02,21.72,60,80.2,5,2366,9.6,2742,0.91,2015,False
San Jose Sharks,28.5,89,0.543,224,226,-0.08,2.73,2.76,21.65,48,78.48,4,2591,8.6,2436,0.907,2015,False
Philadelphia Flyers,28.6,84,0.512,212,223,-0.23,2.59,2.72,23.44,61,77.07,3,2413,8.8,2481,0.91,2015,False
New Jersey Devils,30.5,78,0.476,176,209,-0.4,2.15,2.55,19.34,52,80.6,7,2008,8.8,2518,0.917,2015,False
Carolina Hurricanes,27.9,71,0.433,183,219,-0.44,2.23,2.67,18.75,29,84.74,2,2524,7.3,2236,0.902,2015,False
Toronto Maple Leafs,27.7,68,0.415,206,257,-0.61,2.51,3.13,15.9,52,80.45,7,2397,8.6,2748,0.906,2015,False
Edmonton Oilers,27.2,62,0.378,193,276,-1.01,2.35,3.37,17.67,51,76.71,4,2331,8.3,2464,0.888,2015,False
Arizona Coyotes,28.5,56,0.341,165,267,-1.2,2.01,3.26,20.0,65,76.7,4,2393,6.9,2722,0.902,2015,False
Buffalo Sabres,26.9,54,0.329,153,269,-1.33,1.87,3.28,13.39,64,75.1,7,1984,7.7,2920,0.908,2015,False
Washington Capitals*,27.9,120,0.732,248,191,0.7,3.02,2.33,21.91,38,85.16,2,2510,9.9,2332,0.918,2016,False
Dallas Stars*,28.9,109,0.665,265,228,0.45,3.23,2.78,22.14,44,82.26,10,2624,10.1,2371,0.904,2016,False
St. Louis Blues*,28.0,107,0.652,219,197,0.28,2.67,2.4,21.52,41,85.14,4,2474,8.9,2439,0.919,2016,False
Pittsburgh Penguins*,29.0,104,0.634,241,199,0.5,2.94,2.43,18.39,40,84.44,11,2722,8.9,2436,0.918,2016,True
Chicago Blackhawks*,28.6,103,0.628,234,207,0.32,2.85,2.52,22.62,46,80.26,10,2498,9.4,2526,0.918,2016,False
Florida Panthers*,29.2,103,0.628,232,200,0.42,2.83,2.44,16.91,55,79.48,5,2358,9.8,2419,0.917,2016,False
Anaheim Ducks*,27.4,103,0.628,215,188,0.27,2.62,2.29,22.86,37,87.24,7,2483,8.7,2258,0.917,2016,False
Los Angeles Kings*,28.3,102,0.622,223,192,0.32,2.72,2.34,20.0,53,81.4,5,2625,8.5,2254,0.915,2016,False
New York Rangers*,29.6,101,0.616,233,215,0.24,2.84,2.62,18.58,53,78.19,3,2336,10.0,2494,0.914,2016,False
New York Islanders*,27.9,100,0.61,227,211,0.19,2.77,2.57,18.78,36,84.48,7,2412,9.4,2495,0.915,2016,False
San Jose Sharks*,29.1,98,0.598,237,207,0.33,2.89,2.52,22.55,46,80.51,6,2491,9.5,2245,0.908,2016,False
Tampa Bay Lightning*,27.3,97,0.591,224,198,0.3,2.73,2.41,15.77,41,84.05,7,2402,9.3,2366,0.916,2016,False
Nashville Predators*,28.4,96,0.585,224,213,0.17,2.73,2.6,19.69,46,81.22,7,2507,8.9,2242,0.905,2016,False
Philadelphia Flyers*,28.1,96,0.585,211,210,-0.03,2.57,2.56,18.93,51,80.53,3,2540,8.3,2519,0.917,2016,False
Detroit Red Wings*,28.7,93,0.567,209,219,-0.16,2.55,2.67,18.8,50,81.55,2,2432,8.6,2439,0.91,2016,False
Boston Bruins,28.8,93,0.567,236,228,0.11,2.88,2.78,20.51,48,82.22,9,2620,9.0,2490,0.908,2016,False
Minnesota Wild*,28.0,87,0.53,213,204,0.13,2.6,2.49,18.53,45,77.94,7,2374,9.0,2347,0.913,2016,False
Carolina Hurricanes,27.0,86,0.524,196,221,-0.31,2.39,2.7,16.81,32,84.31,3,2451,8.0,2261,0.902,2016,False
Ottawa Senators,27.0,85,0.518,230,241,-0.13,2.8,2.94,15.9,61,75.89,17,2325,9.9,2688,0.91,2016,False
New Jersey Devils,27.9,84,0.512,182,202,-0.28,2.22,2.46,19.92,45,82.95,5,2003,9.1,2349,0.914,2016,False
Montreal Canadiens,28.0,82,0.5,216,233,-0.18,2.63,2.84,16.22,46,81.89,8,2504,8.6,2408,0.903,2016,False
Colorado Avalanche,28.3,82,0.5,212,240,-0.26,2.59,2.93,18.05,51,80.23,7,2348,9.0,2649,0.909,2016,False
Buffalo Sabres,26.2,81,0.494,199,215,-0.25,2.43,2.62,18.9,38,82.57,6,2418,8.2,2511,0.914,2016,False
Winnipeg Jets,26.8,78,0.476,212,236,-0.26,2.59,2.88,14.79,61,78.37,10,2427,8.7,2423,0.903,2016,False
Arizona Coyotes,27.6,78,0.476,208,244,-0.43,2.54,2.98,17.67,69,77.3,4,2265,9.2,2539,0.904,2016,False
Calgary Flames,27.7,77,0.47,229,257,-0.36,2.79,3.13,17.04,57,75.64,10,2398,9.5,2377,0.892,2016,False
Columbus Blue Jackets,26.5,76,0.463,213,248,-0.38,2.6,3.02,17.34,53,81.0,3,2387,8.9,2550,0.903,2016,False
Vancouver Canucks,28.9,75,0.457,186,239,-0.62,2.27,2.91,15.79,47,81.12,4,2311,8.0,2668,0.91,2016,False
Edmonton Oilers,26.4,70,0.427,199,242,-0.51,2.43,2.95,18.14,49,80.71,5,2386,8.3,2548,0.905,2016,False
Toronto Maple Leafs,27.4,69,0.421,192,240,-0.56,2.34,2.93,15.44,50,81.62,3,2515,7.6,2503,0.904,2016,False
Washington Capitals*,28.4,118,0.72,261,177,0.99,3.18,2.16,22.98,44,83.82,5,2495,10.5,2282,0.922,2017,False
Pittsburgh Penguins*,28.7,111,0.677,278,229,0.59,3.39,2.79,23.08,52,79.77,5,2745,10.1,2671,0.914,2017,True
Chicago Blackhawks*,29.4,109,0.665,240,212,0.32,2.93,2.59,18.03,47,77.73,1,2508,9.6,2574,0.918,2017,False
Columbus Blue Jackets*,26.2,108,0.659,247,193,0.68,3.01,2.35,19.91,39,82.51,10,2540,9.7,2489,0.922,2017,False
Minnesota Wild*,28.3,106,0.646,263,206,0.63,3.21,2.51,20.98,37,82.95,5,2527,10.4,2465,0.916,2017,False
Anaheim Ducks*,27.6,105,0.64,220,197,0.24,2.68,2.4,18.73,43,84.7,9,2425,9.1,2429,0.919,2017,False
Montreal Canadiens*,28.8,103,0.628,223,198,0.31,2.72,2.41,19.57,47,81.12,5,2459,9.1,2429,0.918,2017,False
Edmonton Oilers*,26.7,103,0.628,243,207,0.37,2.96,2.52,22.86,43,80.72,4,2547,9.5,2416,0.914,2017,False
New York Rangers*,28.3,102,0.622,253,216,0.47,3.09,2.63,20.26,45,79.91,9,2438,10.4,2465,0.912,2017,False
St. Louis Blues*,28.0,99,0.604,233,216,0.17,2.84,2.63,21.28,40,84.79,3,2330,10.0,2327,0.907,2017,False
San Jose Sharks*,29.6,99,0.604,219,200,0.21,2.67,2.44,16.67,41,80.66,7,2453,8.9,2269,0.912,2017,False
Ottawa Senators*,28.8,98,0.598,206,210,-0.01,2.51,2.56,16.93,50,79.76,7,2463,8.4,2467,0.915,2017,False
Toronto Maple Leafs*,26.2,95,0.579,250,234,0.11,3.05,2.85,23.36,44,82.47,6,2617,9.6,2673,0.912,2017,False
Boston Bruins*,28.8,95,0.579,232,209,0.27,2.83,2.55,21.72,38,85.71,10,2721,8.5,2194,0.905,2017,False
Calgary Flames*,28.3,94,0.573,222,219,0.02,2.71,2.67,20.16,51,81.59,8,2388,9.3,2354,0.907,2017,False
Tampa Bay Lightning,26.8,94,0.573,230,224,0.09,2.8,2.73,22.79,48,81.4,4,2452,9.4,2492,0.91,2017,False
Nashville Predators*,27.9,94,0.573,238,220,0.16,2.9,2.68,18.92,46,80.91,12,2557,9.3,2472,0.911,2017,False
New York Islanders,28.4,94,0.573,239,238,0.03,2.91,2.9,14.96,40,82.38,5,2480,9.6,2616,0.909,2017,False
Philadelphia Flyers,27.6,88,0.537,212,231,-0.17,2.59,2.82,19.49,50,79.76,4,2585,8.2,2334,0.901,2017,False
Winnipeg Jets,26.1,87,0.53,246,255,-0.11,3.0,3.11,18.18,62,77.45,10,2448,10.0,2546,0.9,2017,False
Carolina Hurricanes,26.8,87,0.53,212,230,-0.21,2.59,2.8,17.75,32,84.16,10,2493,8.5,2320,0.901,2017,False
Los Angeles Kings,29.1,86,0.524,199,201,-0.07,2.43,2.45,19.09,38,84.49,5,2553,7.8,2120,0.905,2017,False
Florida Panthers,28.6,81,0.494,205,231,-0.3,2.5,2.82,16.98,36,85.31,8,2644,7.8,2595,0.911,2017,False
Dallas Stars,28.5,79,0.482,222,260,-0.48,2.71,3.17,17.9,65,73.9,5,2505,8.9,2439,0.893,2017,False
Detroit Red Wings,28.4,79,0.482,198,244,-0.41,2.41,2.98,15.08,45,80.85,3,2335,8.5,2507,0.903,2017,False
Buffalo Sabres,26.4,78,0.476,199,231,-0.41,2.43,2.82,24.46,53,77.64,3,2491,8.0,2813,0.918,2017,False
New Jersey Devils,28.1,70,0.427,180,241,-0.67,2.2,2.94,17.53,53,79.69,6,2279,7.9,2572,0.906,2017,False
Arizona Coyotes,27.3,70,0.427,191,258,-0.76,2.33,3.15,16.17,59,77.31,8,2281,8.4,2797,0.908,2017,False
Vancouver Canucks,28.8,69,0.421,178,241,-0.73,2.17,2.94,14.1,52,76.68,2,2273,7.8,2605,0.907,2017,False
Colorado Avalanche,27.6,48,0.293,165,276,-1.32,2.01,3.37,12.55,64,76.64,5,2303,7.2,2603,0.894,2017,False
Nashville Predators*,28.4,117,0.713,261,204,0.71,3.18,2.49,21.17,54,81.94,10,2641,9.9,2659,0.923,2018,False
Winnipeg Jets*,26.8,114,0.695,273,216,0.74,3.33,2.63,23.36,50,81.75,9,2643,10.3,2613,0.917,2018,False
Tampa Bay Lightning*,27.5,113,0.689,290,234,0.66,3.54,2.85,23.91,64,76.03,9,2680,10.8,2683,0.913,2018,False
Boston Bruins*,28.6,112,0.683,267,211,0.62,3.26,2.57,23.64,40,83.67,9,2703,9.9,2399,0.912,2018,False
Vegas Golden Knights*,28.0,109,0.665,268,225,0.52,3.27,2.74,21.37,44,81.43,8,2686,10.0,2521,0.911,2018,False
Washington Capitals*,28.4,105,0.64,256,238,0.21,3.12,2.9,22.54,53,80.3,4,2379,10.8,2613,0.909,2018,True
Toronto Maple Leafs*,28.3,105,0.64,270,230,0.49,3.29,2.8,25.0,43,81.39,4,2640,10.2,2776,0.917,2018,False
Minnesota Wild*,29.5,101,0.616,250,229,0.29,3.05,2.79,20.42,51,81.25,7,2476,10.1,2569,0.911,2018,False
Anaheim Ducks*,28.7,101,0.616,231,209,0.24,2.82,2.55,17.76,46,83.21,10,2475,9.3,2716,0.923,2018,False
San Jose Sharks*,28.8,100,0.61,247,226,0.28,3.01,2.76,20.62,34,84.82,8,2702,9.1,2488,0.909,2018,False
Pittsburgh Penguins*,27.7,100,0.61,270,248,0.23,3.29,3.02,26.15,53,80.0,6,2823,9.6,2553,0.903,2018,False
Los Angeles Kings*,29.1,98,0.598,237,202,0.44,2.89,2.46,20.42,39,85.0,5,2544,9.3,2537,0.92,2018,False
Philadelphia Flyers*,27.4,98,0.598,249,236,0.07,3.04,2.88,20.69,54,75.78,3,2631,9.5,2448,0.904,2018,False
Columbus Blue Jackets*,26.4,97,0.591,236,226,0.11,2.88,2.76,17.18,51,76.17,4,2761,8.5,2567,0.912,2018,False
New Jersey Devils*,27.7,97,0.591,243,240,0.02,2.96,2.93,21.43,47,81.78,12,2599,9.3,2616,0.908,2018,False
Florida Panthers,27.8,96,0.585,245,243,-0.01,2.99,2.96,18.88,45,80.18,10,2822,8.7,2838,0.914,2018,False
Colorado Avalanche*,26.4,95,0.579,255,236,0.28,3.11,2.88,21.96,45,83.27,7,2432,10.5,2731,0.914,2018,False
St. Louis Blues,28.5,94,0.573,223,222,0.1,2.72,2.71,15.45,47,79.65,5,2677,8.3,2438,0.909,2018,False
Dallas Stars,28.5,92,0.561,231,222,0.17,2.82,2.71,19.26,54,80.78,7,2560,9.0,2447,0.909,2018,False
Calgary Flames,28.4,84,0.512,216,243,-0.33,2.63,2.96,15.99,49,81.78,7,2759,7.8,2554,0.905,2018,False
Carolina Hurricanes,27.0,83,0.506,225,253,-0.35,2.74,3.09,18.41,43,77.49,3,2780,8.1,2367,0.893,2018,False
New York Islanders,28.4,80,0.488,261,293,-0.4,3.18,3.57,23.2,63,73.19,5,2572,10.1,2918,0.9,2018,False
Edmonton Oilers,26.8,78,0.476,229,262,-0.32,2.79,3.2,14.76,57,76.73,11,2740,8.4,2634,0.901,2018,False
New York Rangers,28.7,77,0.47,228,263,-0.46,2.78,3.21,21.16,46,81.38,5,2538,9.0,2898,0.909,2018,False
Chicago Blackhawks,28.0,76,0.463,228,254,-0.26,2.78,3.1,15.99,49,79.24,5,2793,8.2,2697,0.906,2018,False
Vancouver Canucks,28.2,73,0.445,218,259,-0.51,2.66,3.16,21.46,60,78.26,7,2464,8.8,2641,0.902,2018,False
Detroit Red Wings,30.2,73,0.445,212,254,-0.48,2.59,3.1,17.52,58,77.61,9,2490,8.5,2613,0.903,2018,False
Montreal Canadiens,27.8,71,0.433,207,258,-0.68,2.52,3.15,21.31,68,74.14,7,2687,7.7,2650,0.903,2018,False
Arizona Coyotes,26.5,70,0.427,206,251,-0.53,2.51,3.06,16.87,46,79.46,2,2450,8.4,2642,0.905,2018,False
Ottawa Senators,29.3,67,0.409,219,284,-0.85,2.67,3.46,16.53,56,76.17,4,2515,8.7,2712,0.895,2018,False
Buffalo Sabres,27.1,62,0.378,198,278,-0.98,2.41,3.39,19.07,52,77.87,9,2557,7.7,2681,0.896,2018,False
Tampa Bay Lightning*,27.1,128,0.78,319,221,1.21,3.89,2.7,28.24,40,85.02,12,2620,12.2,2633,0.916,2019,False
Boston Bruins*,28.7,107,0.652,257,212,0.52,3.13,2.59,25.9,49,79.92,7,2680,9.6,2416,0.912,2019,False
Calgary Flames*,27.7,107,0.652,289,223,0.7,3.52,2.72,19.27,50,79.67,18,2656,10.9,2302,0.903,2019,False
Washington Capitals*,28.8,104,0.634,274,248,0.35,3.34,3.02,20.76,55,78.93,5,2492,11.0,2584,0.904,2019,False
New York Islanders*,28.4,103,0.628,223,191,0.38,2.72,2.33,14.54,44,79.91,6,2360,9.4,2534,0.925,2019,False
San Jose Sharks*,29.4,101,0.616,289,258,0.3,3.52,3.15,23.65,45,80.77,9,2708,10.7,2323,0.889,2019,False
Toronto Maple Leafs*,27.5,100,0.61,286,249,0.42,3.49,3.04,21.8,41,79.9,5,2736,10.5,2717,0.908,2019,False
Pittsburgh Penguins*,28.4,100,0.61,271,238,0.38,3.3,2.9,24.56,45,79.73,12,2731,9.9,2729,0.913,2019,False
Nashville Predators*,28.9,100,0.61,236,212,0.31,2.88,2.59,12.94,45,82.07,8,2677,8.8,2460,0.914,2019,False
Winnipeg Jets*,26.6,99,0.604,270,243,0.33,3.29,2.96,24.8,52,79.2,10,2557,10.6,2741,0.911,2019,False
Carolina Hurricanes*,26.8,99,0.604,243,221,0.26,2.96,2.7,17.81,44,81.59,8,2822,8.6,2343,0.906,2019,False
St. Louis Blues*,28.0,99,0.604,244,220,0.28,2.98,2.68,21.1,43,81.47,5,2604,9.4,2345,0.906,2019,True
Columbus Blue Jackets*,26.6,98,0.598,256,231,0.31,3.12,2.82,15.38,30,85.0,8,2592,9.9,2418,0.904,2019,False
Montreal Canadiens,27.9,96,0.585,246,236,0.16,3.0,2.88,13.25,46,80.91,5,2796,8.8,2548,0.907,2019,False
Vegas Golden Knights*,29.2,93,0.567,246,228,0.19,3.0,2.78,16.81,44,80.87,11,2814,8.7,2399,0.905,2019,False
Dallas Stars*,28.3,93,0.567,209,200,0.09,2.55,2.44,21.03,41,82.77,4,2519,8.3,2591,0.923,2019,False
Colorado Avalanche*,27.0,90,0.549,258,244,0.17,3.15,2.98,22.03,58,78.68,9,2676,9.6,2619,0.907,2019,False
Arizona Coyotes,27.2,86,0.524,209,220,-0.14,2.55,2.68,16.28,34,84.96,16,2522,8.3,2526,0.913,2019,False
Florida Panthers,28.0,86,0.524,264,273,-0.14,3.22,3.33,26.77,43,81.3,3,2705,9.8,2516,0.891,2019,False
Chicago Blackhawks,28.5,84,0.512,267,291,-0.25,3.26,3.55,20.17,63,72.73,6,2669,10.0,2852,0.898,2019,False
Minnesota Wild,29.5,83,0.506,210,233,-0.3,2.56,2.84,20.33,44,81.67,5,2567,8.2,2419,0.904,2019,False
Philadelphia Flyers,26.6,82,0.5,241,280,-0.42,2.94,3.41,17.09,51,78.48,4,2583,9.3,2665,0.895,2019,False
Vancouver Canucks,26.9,81,0.494,219,248,-0.35,2.67,3.02,17.13,48,81.1,7,2433,9.0,2597,0.905,2019,False
Anaheim Ducks,27.5,80,0.488,196,248,-0.63,2.39,3.02,16.98,55,79.7,5,2271,8.6,2725,0.909,2019,False
Edmonton Oilers,27.2,79,0.482,229,271,-0.51,2.79,3.3,21.17,62,74.8,10,2392,9.6,2599,0.896,2019,False
New York Rangers,27.4,78,0.476,221,267,-0.52,2.7,3.26,19.38,58,78.2,7,2393,9.2,2774,0.904,2019,False
Buffalo Sabres,26.6,76,0.463,221,268,-0.51,2.7,3.27,19.49,41,80.93,3,2697,8.2,2704,0.901,2019,False
Detroit Red Wings,29.3,74,0.451,224,272,-0.57,2.73,3.32,18.06,56,77.14,7,2394,9.4,2761,0.901,2019,False
New Jersey Devils,27.5,72,0.439,219,271,-0.61,2.67,3.3,17.72,40,84.31,10,2488,8.8,2592,0.895,2019,False
Los Angeles Kings,29.3,71,0.433,199,259,-0.73,2.43,3.16,15.84,54,76.52,4,2358,8.4,2578,0.9,2019,False
Ottawa Senators,27.3,64,0.39,242,301,-0.69,2.95,3.67,20.35,45,79.17,4,2429,10.0,2931,0.897,2019,False
Boston Bruins*,29.1,100,0.714,227,167,0.74,3.24,2.39,25.22,34,84.19,5,2247,10.1,2103,0.921,2020,False
St. Louis Blues*,28.4,94,0.662,223,190,0.47,3.14,2.68,24.26,42,79.31,5,2179,10.2,2100,0.91,2020,False
Tampa Bay Lightning*,27.7,92,0.657,243,194,0.71,3.47,2.77,23.22,43,81.39,6,2176,11.2,2165,0.91,2020,True
Colorado Avalanche*,26.8,92,0.657,236,190,0.64,3.37,2.71,19.09,39,81.43,8,2257,10.5,2193,0.913,2020,False
Washington Capitals*,29.0,90,0.652,236,212,0.41,3.42,3.07,19.44,42,82.57,6,2206,10.7,2084,0.898,2020,False
Philadelphia Flyers*,27.2,89,0.645,227,191,0.52,3.29,2.77,20.8,38,81.82,8,2166,10.5,1977,0.903,2020,False
Vegas Golden Knights*,29.2,86,0.606,224,209,0.21,3.15,2.94,21.99,50,76.64,9,2450,9.1,2082,0.9,2020,False
Pittsburgh Penguins*,27.7,86,0.623,221,196,0.39,3.2,2.84,19.91,34,82.11,6,2204,10.0,2051,0.904,2020,False
Edmonton Oilers*,28.0,83,0.585,223,215,0.09,3.14,3.03,29.5,31,84.42,3,2100,10.6,2274,0.905,2020,False
Dallas Stars*,29.4,82,0.594,178,174,0.09,2.58,2.52,21.11,44,79.72,5,2113,8.4,2177,0.92,2020,False
Columbus Blue Jackets*,26.2,81,0.579,180,183,-0.12,2.57,2.61,16.4,31,81.66,3,2272,7.9,2092,0.913,2020,False
Toronto Maple Leafs*,26.8,81,0.579,237,222,0.15,3.39,3.17,23.08,43,77.72,5,2302,10.3,2233,0.901,2020,False
Carolina Hurricanes*,26.7,81,0.596,217,193,0.41,3.19,2.84,22.33,39,83.95,10,2261,9.6,1994,0.903,2020,False
Winnipeg Jets*,26.5,80,0.563,213,201,0.17,3.0,2.83,20.49,39,77.59,6,2222,9.6,2315,0.913,2020,False
New York Islanders*,28.8,80,0.588,189,190,0.01,2.78,2.79,17.26,34,80.68,6,2016,9.4,2123,0.911,2020,False
Calgary Flames*,27.7,79,0.564,204,214,-0.08,2.91,3.06,21.24,35,82.14,6,2212,9.2,2271,0.906,2020,False
New York Rangers*,26.2,79,0.564,233,220,0.15,3.33,3.14,22.91,52,77.39,8,2175,10.7,2381,0.908,2020,False
Vancouver Canucks*,27.5,78,0.565,224,214,0.13,3.25,3.1,24.15,42,80.47,5,2153,10.4,2297,0.907,2020,False
Florida Panthers*,28.2,78,0.565,228,224,0.05,3.3,3.25,21.33,40,78.49,4,2253,10.1,2227,0.899,2020,False
Nashville Predators*,29.1,78,0.565,212,214,-0.03,3.07,3.1,17.26,51,76.06,6,2287,9.3,2157,0.901,2020,False
Minnesota Wild*,29.4,77,0.558,218,217,0.01,3.16,3.14,21.3,47,77.18,3,2077,10.5,2115,0.897,2020,False
Arizona Coyotes*,28.2,74,0.529,190,183,0.11,2.71,2.61,19.16,34,82.74,5,2220,8.6,2270,0.919,2020,False
Chicago Blackhawks*,28.1,72,0.514,208,214,-0.05,2.97,3.06,15.21,37,82.13,6,2227,9.3,2458,0.913,2020,False
Montreal Canadiens*,28.4,71,0.5,208,220,-0.12,2.93,3.1,17.74,45,78.67,6,2422,8.6,2208,0.9,2020,False
New Jersey Devils,26.9,68,0.493,185,224,-0.57,2.68,3.25,17.95,39,82.35,9,2117,8.7,2256,0.901,2020,False
Buffalo Sabres,26.5,68,0.493,193,215,-0.34,2.8,3.12,18.88,47,74.59,5,2021,9.5,2148,0.9,2020,False
Anaheim Ducks,27.8,67,0.472,182,225,-0.53,2.56,3.17,14.67,49,77.0,10,2106,8.6,2282,0.901,2020,False
Los Angeles Kings,28.6,64,0.457,177,209,-0.48,2.53,2.99,17.1,43,77.37,5,2325,7.6,2079,0.899,2020,False
San Jose Sharks,29.5,63,0.45,180,225,-0.62,2.57,3.21,17.46,32,85.71,7,2101,8.6,2140,0.895,2020,False
Ottawa Senators,27.7,62,0.437,190,238,-0.76,2.68,3.35,14.22,55,76.09,15,2174,8.7,2384,0.9,2020,False
Detroit Red Wings,28.6,39,0.275,142,265,-1.7,2.0,3.73,14.88,58,74.34,4,1924,7.4,2329,0.886,2020,False
Vegas Golden Knights*,29.2,82,0.732,190,122,1.05,3.39,2.18,17.82,19,86.81,4,1829,10.4,1527,0.92,2021,False
Colorado Avalanche*,27.1,82,0.732,197,132,1.0,3.52,2.36,22.71,30,83.05,1,1937,10.2,1423,0.907,2021,False
Carolina Hurricanes*,27.1,80,0.714,175,134,0.67,3.13,2.39,25.61,26,85.23,7,1794,9.8,1581,0.915,2021,False
Florida Panthers*,28.1,79,0.705,188,151,0.56,3.36,2.7,20.53,34,79.76,4,1954,9.6,1682,0.91,2021,False
Washington Capitals*,30.6,77,0.688,188,161,0.44,3.36,2.88,24.84,26,83.95,2,1647,11.4,1612,0.9,2021,False
Toronto Maple Leafs*,29.0,77,0.688,186,148,0.6,3.32,2.64,20.0,31,78.47,3,1751,10.6,1558,0.905,2021,False
Pittsburgh Penguins*,28.4,77,0.688,193,155,0.62,3.45,2.77,23.68,35,77.42,6,1684,11.5,1679,0.908,2021,False
Tampa Bay Lightning*,28.4,75,0.67,180,145,0.53,3.21,2.59,22.22,29,84.15,3,1692,10.6,1583,0.908,2021,True
Minnesota Wild*,29.3,75,0.67,180,159,0.33,3.21,2.84,17.58,31,80.75,2,1585,11.4,1705,0.907,2021,False
Boston Bruins*,28.7,73,0.652,164,134,0.5,2.93,2.39,21.88,25,85.96,9,1866,8.8,1516,0.912,2021,False
Edmonton Oilers*,28.7,72,0.643,183,154,0.44,3.27,2.75,27.59,27,82.47,2,1674,10.9,1717,0.91,2021,False
New York Islanders*,29.2,71,0.634,152,125,0.44,2.71,2.23,18.75,22,83.7,4,1623,9.4,1590,0.921,2021,False
Nashville Predators*,28.5,64,0.571,151,154,0.03,2.7,2.75,17.61,42,75.58,6,1679,9.0,1753,0.912,2021,False
St. Louis Blues*,28.6,63,0.563,167,167,-0.02,2.98,2.98,23.23,38,77.78,6,1622,10.3,1670,0.9,2021,False
Winnipeg Jets*,28.3,63,0.563,170,152,0.25,3.04,2.71,22.98,29,80.54,3,1661,10.2,1713,0.911,2021,False
Dallas Stars,28.5,60,0.536,156,148,0.06,2.79,2.64,23.57,32,79.08,3,1699,9.2,1518,0.903,2021,False
New York Rangers,25.8,60,0.536,176,155,0.31,3.14,2.77,20.67,30,82.25,8,1607,11.0,1664,0.907,2021,False
Montreal Canadiens*,28.9,59,0.527,158,165,-0.14,2.82,2.95,19.21,37,78.49,9,1746,9.0,1579,0.896,2021,False
Philadelphia Flyers,27.8,58,0.518,160,197,-0.59,2.86,3.52,19.16,45,73.05,1,1692,9.5,1636,0.88,2021,False
Chicago Blackhawks,27.0,55,0.491,159,184,-0.39,2.84,3.29,21.71,35,76.82,3,1635,9.7,1888,0.903,2021,False
Calgary Flames,28.6,55,0.491,155,160,-0.08,2.77,2.86,18.29,34,80.23,2,1689,9.2,1577,0.899,2021,False
Arizona Coyotes,28.3,54,0.482,150,174,-0.36,2.68,3.11,20.79,32,80.84,2,1538,9.8,1706,0.898,2021,False
Ottawa Senators,26.1,51,0.455,155,189,-0.51,2.77,3.38,15.52,36,78.95,7,1663,9.3,1799,0.895,2021,False
Vancouver Canucks,27.7,50,0.446,148,187,-0.56,2.64,3.34,17.42,37,79.78,6,1629,9.1,1870,0.9,2021,False
Los Angeles Kings,27.5,49,0.438,142,169,-0.42,2.54,3.02,18.93,26,83.65,3,1587,8.9,1746,0.903,2021,False
San Jose Sharks,29.0,49,0.438,146,196,-0.75,2.61,3.5,14.1,36,80.43,5,1682,8.7,1791,0.891,2021,False
Detroit Red Wings,29.3,48,0.429,125,168,-0.69,2.23,3.0,11.41,33,78.71,0,1528,8.2,1786,0.906,2021,False
Columbus Blue Jackets,27.1,48,0.429,134,184,-0.78,2.39,3.29,15.38,28,78.95,6,1625,8.2,1815,0.899,2021,False
New Jersey Devils,25.9,45,0.402,145,189,-0.77,2.59,3.38,14.19,43,70.95,3,1612,9.0,1737,0.891,2021,False
Anaheim Ducks,28.2,43,0.384,124,177,-0.83,2.21,3.16,8.94,33,79.88,2,1500,8.3,1712,0.897,2021,False
Buffalo Sabres,26.9,37,0.33,134,196,-0.95,2.39,3.5,20.98,31,77.7,5,1592,8.4,1889,0.896,2021,False
Florida Panthers*,27.8,122,0.744,337,242,1.07,4.11,2.95,24.43,53,79.54,12,3062,11.0,2515,0.904,2022,False
Colorado Avalanche*,28.2,119,0.726,308,232,0.91,3.76,2.83,24.01,48,79.66,6,2874,10.7,2625,0.912,2022,True
Carolina Hurricanes*,28.3,116,0.707,277,200,0.88,3.38,2.44,21.98,33,88.04,4,2798,9.9,2310,0.913,2022,False
Toronto Maple Leafs*,28.4,115,0.701,312,252,0.69,3.8,3.07,27.27,42,82.05,13,2835,11.0,2511,0.9,2022,False
Minnesota Wild*,29.4,113,0.689,305,249,0.68,3.72,3.04,20.54,63,76.14,2,2666,11.4,2577,0.903,2022,False
Calgary Flames*,28.8,111,0.677,291,206,0.99,3.55,2.51,22.88,42,83.2,7,2908,10.0,2374,0.913,2022,False
Tampa Bay Lightning*,29.6,110,0.671,285,228,0.64,3.48,2.78,23.94,49,80.56,7,2535,11.2,2441,0.907,2022,False
New York Rangers*,26.7,110,0.671,250,204,0.54,3.05,2.49,25.23,40,82.3,8,2392,10.5,2528,0.919,2022,False
St. Louis Blues*,28.8,109,0.665,309,239,0.79,3.77,2.91,26.97,35,84.09,9,2492,12.4,2591,0.908,2022,False
Boston Bruins*,28.5,107,0.652,253,218,0.38,3.09,2.66,21.19,49,81.3,5,2962,8.5,2354,0.907,2022,False
Edmonton Oilers*,29.1,104,0.634,285,251,0.46,3.48,3.06,25.96,52,79.37,11,2790,10.2,2647,0.905,2022,False
Pittsburgh Penguins*,29.7,103,0.628,269,222,0.49,3.28,2.71,20.16,33,84.43,3,2849,9.4,2576,0.914,2022,False
Washington Capitals*,29.5,100,0.61,270,242,0.35,3.29,2.95,18.75,44,80.44,8,2577,10.5,2378,0.898,2022,False
Los Angeles Kings*,28.0,99,0.604,235,232,0.03,2.87,2.83,16.13,53,76.65,11,2865,8.2,2341,0.901,2022,False
Dallas Stars*,29.4,98,0.598,233,244,-0.09,2.84,2.98,22.41,46,79.0,7,2486,9.4,2545,0.904,2022,False
Nashville Predators*,27.7,97,0.591,262,250,0.19,3.2,3.05,24.42,59,79.23,2,2439,10.7,2646,0.906,2022,False
Vegas Golden Knights,28.5,94,0.573,262,244,0.21,3.2,2.98,18.4,47,77.4,10,2830,9.3,2458,0.901,2022,False
Vancouver Canucks,27.7,92,0.561,246,231,0.16,3.0,2.82,23.48,58,74.89,5,2622,9.4,2612,0.912,2022,False
Winnipeg Jets,28.2,89,0.543,250,253,-0.04,3.05,3.09,21.05,58,75.0,9,2645,9.5,2721,0.907,2022,False
New York Islanders,30.1,84,0.512,229,231,-0.09,2.79,2.82,22.12,34,84.19,5,2367,9.7,2669,0.913,2022,False
Columbus Blue Jackets,26.6,81,0.494,258,297,-0.44,3.15,3.62,18.64,51,78.57,7,2463,10.5,2887,0.897,2022,False
San Jose Sharks,29.0,77,0.47,211,261,-0.58,2.57,3.18,18.98,33,85.2,4,2400,8.8,2622,0.9,2022,False
Anaheim Ducks,27.9,76,0.463,228,266,-0.45,2.78,3.24,21.92,43,80.8,6,2393,9.5,2725,0.902,2022,False
Buffalo Sabres,27.5,75,0.457,229,287,-0.69,2.79,3.5,21.17,50,76.42,6,2451,9.3,2702,0.894,2022,False
Detroit Red Wings,26.9,74,0.451,227,310,-0.95,2.77,3.78,16.3,59,73.78,4,2414,9.4,2761,0.888,2022,False
Ottawa Senators,26.6,73,0.445,224,264,-0.44,2.73,3.22,19.34,49,80.32,9,2463,9.1,2740,0.904,2022,False
Chicago Blackhawks,28.0,68,0.415,213,289,-0.83,2.6,3.52,19.18,53,76.23,2,2362,9.0,2703,0.893,2022,False
New Jersey Devils,25.8,63,0.384,245,302,-0.68,2.99,3.68,15.56,42,80.19,6,2562,9.6,2540,0.881,2022,False
Philadelphia Flyers,28.3,61,0.372,210,294,-1.0,2.56,3.59,12.55,57,75.74,6,2539,8.3,2785,0.894,2022,False
Seattle Kraken,28.7,60,0.366,213,284,-0.8,2.6,3.46,14.55,56,74.89,8,2380,8.9,2367,0.88,2022,False
Arizona Coyotes,28.0,57,0.348,206,309,-1.23,2.51,3.77,13.86,64,75.0,3,2121,9.7,2910,0.894,2022,False
Montreal Canadiens,27.8,55,0.335,218,317,-1.15,2.66,3.87,13.71,67,75.55,6,2442,8.9,2823,0.888,2022,False
Boston Bruins*,29.5,135,0.823,301,174,1.54,3.67,2.12,22.22,36,87.28,8,2703,11.1,2447,0.929,2023,False
Carolina Hurricanes*,29.3,113,0.689,262,210,0.66,3.2,2.56,19.76,40,84.38,11,2852,9.2,2132,0.902,2023,False
New Jersey Devils*,26.7,112,0.683,289,222,0.79,3.52,2.71,21.88,40,82.61,9,2821,10.2,2315,0.904,2023,False
Vegas Golden Knights*,29.1,111,0.677,267,225,0.49,3.26,2.74,20.29,44,77.44,10,2587,10.3,2533,0.911,2023,True
Toronto Maple Leafs*,28.6,111,0.677,278,220,0.7,3.39,2.68,26.02,45,81.85,8,2628,10.6,2420,0.909,2023,False
Colorado Avalanche*,28.1,109,0.665,274,223,0.61,3.34,2.72,24.52,52,79.03,6,2727,10.0,2539,0.912,2023,False
Edmonton Oilers*,27.9,109,0.665,325,256,0.73,3.96,3.12,32.36,64,76.98,18,2754,11.8,2572,0.9,2023,False
Dallas Stars*,28.4,108,0.659,281,215,0.75,3.43,2.62,25.0,40,83.47,10,2617,10.7,2452,0.912,2023,False
New York Rangers*,27.7,107,0.652,273,216,0.7,3.33,2.63,24.08,42,81.17,8,2582,10.6,2405,0.91,2023,False
Los Angeles Kings*,28.7,104,0.634,274,254,0.27,3.34,3.1,25.28,65,75.84,7,2658,10.3,2289,0.889,2023,False
Minnesota Wild*,29.3,103,0.628,239,219,0.21,2.91,2.67,21.43,46,82.03,14,2535,9.4,2552,0.914,2023,False
Seattle Kraken*,29.0,100,0.61,289,252,0.36,3.52,3.07,19.75,55,76.69,6,2497,11.6,2215,0.886,2023,False
Tampa Bay Lightning*,29.9,98,0.598,280,252,0.37,3.41,3.07,25.36,53,79.69,7,2621,10.7,2582,0.902,2023,False
Winnipeg Jets*,28.7,95,0.579,246,224,0.23,3.0,2.73,19.26,42,82.43,7,2486,9.9,2487,0.91,2023,False
Calgary Flames,29.8,93,0.567,258,247,0.05,3.15,3.01,19.84,47,82.59,8,2948,8.8,2240,0.89,2023,False
New York Islanders*,29.3,93,0.567,242,217,0.25,2.95,2.65,15.77,39,82.19,6,2524,9.6,2544,0.915,2023,False
Florida Panthers*,28.7,92,0.561,288,272,0.24,3.51,3.32,22.83,70,75.95,6,3019,9.5,2603,0.896,2023,False
Nashville Predators,28.3,92,0.561,223,236,-0.12,2.72,2.88,17.6,48,82.55,6,2419,9.2,2729,0.914,2023,False
Buffalo Sabres,26.1,91,0.555,293,297,-0.01,3.57,3.62,23.42,61,73.01,9,2665,11.0,2710,0.89,2023,False
Pittsburgh Penguins,31.0,91,0.555,261,263,0.01,3.18,3.21,21.72,55,79.09,5,2818,9.3,2687,0.902,2023,False
Ottawa Senators,27.3,86,0.524,259,270,-0.09,3.16,3.29,23.53,59,80.07,9,2746,9.4,2572,0.895,2023,False
Vancouver Canucks,27.3,83,0.506,270,296,-0.3,3.29,3.61,22.71,69,71.6,15,2438,11.1,2527,0.883,2023,False
St. Louis Blues,29.3,81,0.494,260,298,-0.47,3.17,3.63,19.33,60,72.35,7,2341,11.1,2652,0.888,2023,False
Washington Capitals,30.9,80,0.488,253,261,-0.1,3.09,3.18,21.22,41,81.86,4,2549,9.9,2548,0.898,2023,False
Detroit Red Wings,27.3,80,0.488,237,275,-0.44,2.89,3.35,21.11,54,78.31,5,2312,10.3,2496,0.89,2023,False
Philadelphia Flyers,26.8,75,0.457,220,276,-0.62,2.68,3.37,15.56,59,74.68,11,2416,9.1,2585,0.893,2023,False
Arizona Coyotes,26.4,70,0.427,225,295,-0.85,2.74,3.6,18.91,81,74.61,5,2119,10.6,2874,0.897,2023,False
Montreal Canadiens,27.3,68,0.415,227,305,-0.85,2.77,3.72,16.1,75,72.73,8,2237,10.1,2753,0.889,2023,False
San Jose Sharks,29.4,60,0.366,233,315,-1.05,2.84,3.84,18.39,43,82.38,4,2415,9.6,2640,0.881,2023,False
Chicago Blackhawks,28.7,59,0.36,202,299,-1.16,2.46,3.65,16.38,55,76.19,7,2210,9.1,2758,0.892,2023,False
Columbus Blue Jackets,26.7,59,0.36,213,329,-1.34,2.6,4.01,18.3,59,75.11,5,2399,8.9,2904,0.887,2023,False
Anaheim Ducks,28.2,58,0.354,206,335,-1.54,2.51,4.09,15.72,78,72.14,1,2326,8.9,3207,0.896,2023,False
New York Rangers*,29.1,114,0.695,278,226,0.61,3.39,2.76,26.42,36,84.48,8,2582,10.8,2418,0.907,2024,False
Dallas Stars*,29.3,113,0.689,294,232,0.74,3.59,2.83,24.17,43,82.01,12,2588,11.4,2350,0.901,2024,False
Carolina Hurricanes*,29.4,111,0.677,277,211,0.73,3.38,2.57,26.91,35,86.43,11,2733,10.1,2101,0.9,2024,False
Winnipeg Jets*,29.4,110,0.671,259,198,0.69,3.16,2.41,18.75,51,77.13,3,2488,10.4,2429,0.918,2024,False
Florida Panthers*,29.5,110,0.671,265,198,0.81,3.23,2.41,23.51,51,82.47,8,2764,9.6,2279,0.913,2024,True
Boston Bruins*,28.6,109,0.665,263,221,0.53,3.21,2.7,22.22,47,82.46,7,2399,11.0,2504,0.912,2024,False
Vancouver Canucks*,28.6,109,0.665,279,221,0.64,3.4,2.7,22.57,53,79.13,7,2328,12.0,2343,0.906,2024,False
Colorado Avalanche*,28.8,107,0.652,302,252,0.57,3.68,3.07,24.46,53,79.92,7,2705,11.2,2444,0.897,2024,False
Edmonton Oilers*,29.4,104,0.634,292,236,0.65,3.56,2.88,26.34,53,79.46,7,2768,10.5,2307,0.898,2024,False
Toronto Maple Leafs*,28.9,102,0.622,298,261,0.5,3.63,3.18,23.95,55,76.89,6,2671,11.2,2446,0.893,2024,False
Nashville Predators*,29.5,99,0.604,266,248,0.23,3.24,3.02,21.56,57,76.92,7,2642,10.1,2507,0.901,2024,False
Los Angeles Kings*,29.5,99,0.604,254,210,0.45,3.1,2.56,22.58,39,84.58,11,2616,9.7,2296,0.909,2024,False
Tampa Bay Lightning*,29.1,98,0.598,288,267,0.28,3.51,3.26,28.63,39,83.33,5,2401,12.0,2430,0.89,2024,False
Vegas Golden Knights*,29.0,98,0.598,263,243,0.22,3.21,2.96,20.24,44,79.34,9,2548,10.3,2487,0.902,2024,False
New York Islanders*,29.6,94,0.573,245,258,-0.18,2.99,3.15,20.35,63,71.49,10,2470,9.9,2686,0.904,2024,False
St. Louis Blues,29.0,92,0.561,234,248,-0.14,2.85,3.02,18.0,46,78.6,11,2370,9.9,2636,0.906,2024,False
Washington Capitals*,30.0,91,0.555,216,252,-0.41,2.63,3.07,20.61,49,78.97,3,2172,9.9,2503,0.899,2024,False
Detroit Red Wings,29.3,91,0.555,275,273,0.06,3.35,3.33,23.08,49,79.58,7,2375,11.6,2657,0.897,2024,False
Pittsburgh Penguins,31.3,88,0.537,253,248,0.05,3.09,3.02,15.27,47,80.66,5,2685,9.4,2479,0.9,2024,False
Minnesota Wild,29.3,87,0.53,248,260,-0.14,3.02,3.17,22.71,67,74.52,3,2471,10.0,2437,0.893,2024,False
Philadelphia Flyers,27.1,87,0.53,231,258,-0.29,2.82,3.15,12.2,40,83.4,16,2708,8.5,2225,0.884,2024,False
Buffalo Sabres,25.7,84,0.512,244,243,0.03,2.98,2.96,16.59,49,79.84,7,2534,9.6,2402,0.899,2024,False
New Jersey Devils,26.8,81,0.494,264,281,-0.22,3.22,3.43,22.45,47,80.66,3,2516,10.5,2458,0.886,2024,False
Seattle Kraken,29.4,81,0.494,214,232,-0.26,2.61,2.83,20.66,47,78.83,6,2347,9.1,2391,0.903,2024,False
Calgary Flames,29.2,81,0.494,253,267,-0.2,3.09,3.26,17.86,47,80.82,11,2572,9.8,2438,0.89,2024,False
Ottawa Senators,27.0,78,0.476,250,281,-0.28,3.05,3.43,18.02,61,75.1,7,2602,9.6,2432,0.884,2024,False
Arizona Coyotes,26.7,77,0.47,254,274,-0.21,3.1,3.34,21.99,63,76.32,7,2273,11.2,2598,0.895,2024,False
Montreal Canadiens,26.7,76,0.463,232,281,-0.59,2.83,3.43,17.46,65,76.53,7,2269,10.2,2738,0.897,2024,False
Columbus Blue Jackets,26.8,66,0.402,234,298,-0.72,2.85,3.63,15.09,56,76.27,5,2458,9.5,2822,0.894,2024,False
Anaheim Ducks,27.7,59,0.36,203,293,-1.09,2.48,3.57,18.3,91,72.42,12,2194,9.3,2666,0.89,2024,False
Chicago Blackhawks,27.4,52,0.317,178,289,-1.29,2.17,3.52,16.6,56,75.76,3,2153,8.3,2681,0.892,2024,False
San Jose Sharks,27.7,47,0.287,180,326,-1.78,2.2,3.98,20.19,62,75.4,3,2069,8.7,2881,0.887,2024,False
Winnipeg Jets*,29.7,116,0.707,275,190,1.02,3.35,2.32,28.9,41,79.4,4,2314,11.9,2229,0.915,2025,False
Washington Capitals*,29.5,111,0.677,286,229,0.66,3.49,2.79,23.53,43,82.01,8,2265,12.6,2229,0.897,2025,False
Vegas Golden Knights*,29.4,110,0.671,274,214,0.65,3.34,2.61,28.34,41,75.74,6,2482,11.0,2141,0.9,2025,False
Toronto Maple Leafs*,29.4,108,0.659,267,229,0.44,3.26,2.79,24.77,52,77.87,6,2297,11.6,2405,0.905,2025,False
Dallas Stars*,28.5,106,0.646,275,222,0.61,3.35,2.71,22.0,41,82.02,8,2325,11.8,2382,0.907,2025,False
Los Angeles Kings*,29.4,105,0.64,249,203,0.5,3.04,2.48,17.87,44,81.43,4,2302,10.8,2091,0.903,2025,False
Tampa Bay Lightning*,29.7,102,0.622,292,216,0.89,3.56,2.63,25.86,38,81.55,11,2341,12.5,2311,0.907,2025,False
Colorado Avalanche*,28.7,102,0.622,273,231,0.5,3.33,2.82,24.79,42,79.81,5,2451,11.1,2126,0.891,2025,False
Edmonton Oilers*,30.4,101,0.616,259,235,0.26,3.16,2.87,23.72,45,78.16,5,2622,9.9,2211,0.894,2025,False
Carolina Hurricanes*,29.6,99,0.604,266,230,0.4,3.24,2.8,18.7,40,83.61,10,2599,10.2,2044,0.887,2025,False
Florida Panthers*,29.6,98,0.598,246,223,0.35,3.0,2.72,23.53,47,80.74,12,2588,9.5,2146,0.896,2025,True
Minnesota Wild*,29.7,97,0.591,225,236,-0.13,2.74,2.88,20.87,56,72.41,4,2263,9.9,2427,0.903,2025,False
Ottawa Senators*,28.2,97,0.591,242,232,0.11,2.95,2.83,23.79,51,77.73,9,2403,10.1,2346,0.901,2025,False
Calgary Flames,28.4,96,0.585,220,236,-0.17,2.68,2.88,21.03,54,76.11,7,2414,9.1,2372,0.901,2025,False
St. Louis Blues*,29.3,96,0.585,250,231,0.25,3.05,2.82,22.05,49,74.35,4,2185,11.4,2236,0.897,2025,False
Montreal Canadiens*,26.9,91,0.555,243,261,-0.23,2.96,3.18,20.09,49,80.93,9,2095,11.6,2383,0.89,2025,False
New Jersey Devils*,29.6,91,0.555,240,220,0.24,2.93,2.68,28.24,39,82.67,7,2303,10.4,2160,0.898,2025,False
Vancouver Canucks,28.6,90,0.549,233,251,-0.22,2.84,3.06,22.52,39,82.59,4,2094,11.1,2198,0.886,2025,False
Columbus Blue Jackets,27.6,89,0.543,267,267,0.06,3.26,3.26,19.46,50,76.96,9,2382,11.2,2453,0.891,2025,False
Utah Hockey Club,27.7,89,0.543,240,247,-0.11,2.93,3.01,24.15,52,79.28,4,2339,10.3,2271,0.891,2025,False
Detroit Red Wings,29.5,86,0.524,235,259,-0.23,2.87,3.16,27.0,55,70.11,2,2249,10.4,2335,0.889,2025,False
New York Rangers,28.9,85,0.518,255,255,0.01,3.11,3.11,17.62,47,80.33,18,2344,10.9,2451,0.896,2025,False
New York Islanders,29.7,82,0.5,222,257,-0.43,2.71,3.13,12.56,50,72.22,9,2418,9.2,2356,0.891,2025,False
Pittsburgh Penguins,30.9,80,0.488,242,287,-0.59,2.95,3.5,25.79,48,77.78,5,2323,10.4,2470,0.884,2025,False
Anaheim Ducks,27.4,80,0.488,217,261,-0.49,2.65,3.18,11.76,64,74.19,3,2270,9.6,2648,0.901,2025,False
Buffalo Sabres,26.1,79,0.482,265,287,-0.24,3.23,3.5,18.78,57,76.35,10,2278,11.6,2368,0.879,2025,False
Boston Bruins,28.1,76,0.463,222,271,-0.57,2.71,3.3,15.22,56,76.27,6,2173,10.2,2346,0.884,2025,False
Seattle Kraken,28.9,76,0.463,245,262,-0.23,2.99,3.2,18.94,44,77.2,3,2243,10.9,2342,0.888,2025,False
Philadelphia Flyers,26.8,76,0.463,232,283,-0.56,2.83,3.45,14.95,45,77.61,4,2212,10.5,2210,0.872,2025,False
Nashville Predators,29.9,68,0.415,212,274,-0.69,2.59,3.34,21.83,45,81.48,1,2403,8.8,2342,0.883,2025,False
Chicago Blackhawks,28.1,61,0.372,224,292,-0.83,2.73,3.56,24.87,47,79.3,6,2005,11.2,2550,0.885,2025,False
San Jose Sharks,27.2,52,0.317,208,310,-1.24,2.54,3.78,18.58,66,74.22,5,2203,9.4,2606,0.881,2025,False
Colorado Avalanche*,30.7,121,0.738,298,197,1.14,3.63,2.4,17.11,36,84.62,2,2766,10.8,2144,0.908,2026,False
Carolina Hurricanes*,29.4,113,0.689,291,236,0.69,3.55,2.88,24.9,45,80.52,12,2637,11.0,1961,0.88,2026,False
Dallas Stars*,28.7,112,0.683,273,222,0.61,3.33,2.71,28.63,49,80.32,4,2074,13.2,2145,0.897,2026,False
Buffalo Sabres*,26.8,109,0.665,283,240,0.59,3.45,2.93,19.51,42,81.9,11,2307,12.3,2381,0.899,2026,False
Tampa Bay Lightning*,30.0,106,0.646,286,229,0.73,3.49,2.79,20.73,45,82.56,6,2305,12.4,2188,0.895,2026,False
Montreal Canadiens*,26.2,106,0.646,279,251,0.37,3.4,3.06,23.14,54,78.23,8,2156,12.9,2283,0.89,2026,False
Minnesota Wild*,29.2,104,0.634,268,235,0.35,3.27,2.87,25.19,43,79.81,7,2393,11.2,2410,0.902,2026,False
Boston Bruins*,28.5,100,0.61,268,247,0.31,3.27,3.01,23.4,64,76.98,2,2216,12.1,2435,0.899,2026,False
Ottawa Senators*,28.9,99,0.604,275,245,0.4,3.35,2.99,23.95,57,75.85,8,2369,11.6,2001,0.878,2026,False
Pittsburgh Penguins*,30.2,98,0.598,290,258,0.33,3.54,3.15,24.14,44,81.43,6,2342,12.4,2246,0.885,2026,False
Philadelphia Flyers*,27.7,98,0.598,240,239,0.13,2.93,2.91,15.74,55,77.55,7,2088,11.5,2087,0.885,2026,False
Washington Capitals,29.3,95,0.579,261,238,0.25,3.18,2.9,17.84,50,80.16,4,2299,11.4,2307,0.897,2026,False
Vegas Golden Knights*,29.5,95,0.579,264,242,0.13,3.22,2.95,24.47,38,81.37,6,2377,11.1,1999,0.879,2026,False
Edmonton Oilers*,29.7,93,0.567,282,265,0.09,3.44,3.23,30.63,49,77.83,6,2439,11.6,2188,0.879,2026,False
Anaheim Ducks*,27.7,92,0.561,265,288,-0.24,3.23,3.51,18.56,61,76.36,8,2526,10.5,2326,0.876,2026,False
Detroit Red Wings,29.1,92,0.561,239,254,-0.16,2.91,3.1,22.58,48,77.14,3,2315,10.3,2275,0.888,2026,False
Columbus Blue Jackets,28.0,92,0.561,246,251,0.04,3.0,3.06,18.91,53,76.02,5,2410,10.2,2363,0.894,2026,False
Utah Mammoth*,28.9,92,0.561,268,240,0.3,3.27,2.93,20.0,54,78.14,8,2274,11.8,2141,0.888,2026,False
New York Islanders,29.6,91,0.555,229,236,-0.06,2.79,2.88,16.53,41,80.84,9,2310,9.9,2270,0.896,2026,False
Los Angeles Kings*,31.1,90,0.549,220,238,-0.32,2.68,2.9,16.96,61,74.58,7,2297,9.6,2228,0.893,2026,False
New Jersey Devils,29.7,87,0.53,226,253,-0.24,2.76,3.09,21.95,43,79.33,7,2426,9.3,2244,0.887,2026,False
Nashville Predators,29.8,86,0.524,242,267,-0.28,2.95,3.26,23.11,45,81.71,8,2285,10.6,2430,0.89,2026,False
San Jose Sharks,27.3,86,0.524,249,290,-0.53,3.04,3.54,21.18,58,76.42,3,2111,11.8,2431,0.881,2026,False
St. Louis Blues,28.3,86,0.524,230,254,-0.35,2.8,3.1,17.59,52,76.58,6,2075,11.1,2272,0.888,2026,False
Florida Panthers,30.2,84,0.512,246,274,-0.25,3.0,3.34,19.62,52,80.95,6,2292,10.7,2197,0.875,2026,False
Winnipeg Jets,30.8,82,0.5,229,256,-0.36,2.79,3.12,18.5,51,77.63,6,2162,10.6,2277,0.888,2026,False
Seattle Kraken,29.2,79,0.482,224,257,-0.48,2.73,3.13,19.46,60,72.22,2,2099,10.7,2415,0.894,2026,False
Toronto Maple Leafs,29.5,78,0.476,252,295,-0.5,3.07,3.6,21.32,43,81.22,6,2159,11.7,2660,0.889,2026,False
Calgary Flames,28.2,77,0.47,208,256,-0.59,2.54,3.12,16.16,48,80.41,11,2305,9.0,2453,0.896,2026,False
New York Rangers,29.2,77,0.47,235,249,-0.1,2.87,3.04,24.65,50,79.92,6,2066,11.4,2363,0.895,2026,False
Chicago Blackhawks,26.3,72,0.439,210,270,-0.76,2.56,3.29,16.95,39,83.61,6,2015,10.4,2457,0.89,2026,False
Vancouver Canucks,28.0,58,0.354,210,314,-1.22,2.56,3.83,21.79,65,71.49,9,2128,9.9,2446,0.872,2026,False
